"Time","02 Riser Supply","02 Riser Return","01 Riser Return","01 Riser Supply","02 Riser Supply","02 Riser Return","01 Riser Return","01 Riser Supply"
"2019-04-22 00:01:05",95.7,,,,95.7
"2019-04-22 00:01:42",,,,95.5,,,,95.5
"2019-04-22 00:02:06",,88.9,,,,88.9
"2019-04-22 00:02:50",,,98.5,,,,98.5
"2019-04-22 00:04:04",95.9,,,,95.9
"2019-04-22 00:04:41",,,,95.4,,,,95.4
"2019-04-22 00:05:05",,89,,,,89
"2019-04-22 00:05:50",,,98.5,,,,98.5
"2019-04-22 00:07:02",96.1,,,,96.1
"2019-04-22 00:08:08",,89.1,,,,89.1
"2019-04-22 00:10:00",96.1,,,,96.1
"2019-04-22 00:10:42",,,,95.2,,,,95.2
"2019-04-22 00:11:07",,89.5,,,,89.5
"2019-04-22 00:11:48",,,98.3,,,,98.3
"2019-04-22 00:12:59",96.1,,,,96.1
"2019-04-22 00:14:02",,89.9,,,,89.9
"2019-04-22 00:15:57",96.1,,,,96.1
"2019-04-22 00:16:42",,,,94.9,,,,94.9
"2019-04-22 00:17:01",,90.3,,,,90.3
"2019-04-22 00:17:47",,,97.9,,,,97.9
"2019-04-22 00:18:56",96.1,,,,96.1
"2019-04-22 00:20:05",,90.7,,,,90.7
"2019-04-22 00:21:54",96,,,,96
"2019-04-22 00:22:51",,,,94.6,,,,94.6
"2019-04-22 00:23:01",,90.9,,,,90.9
"2019-04-22 00:23:46",,,97.4,,,,97.4
"2019-04-22 00:24:58",95.9,,,,95.9
"2019-04-22 00:25:59",,91.1,,,,91.1
"2019-04-22 00:27:51",95.8,,,,95.8
"2019-04-22 00:28:43",,,,94.4,,,,94.4
"2019-04-22 00:28:59",,91.2,,,,91.2
"2019-04-22 00:29:43",,,97,,,,97
"2019-04-22 00:30:48",95.6,,,,95.6
"2019-04-22 00:31:59",,91.3,,,,91.3
"2019-04-22 00:33:47",95.4,,,,95.4
"2019-04-22 00:34:43",,,,94.3,,,,94.3
"2019-04-22 00:34:58",,91,,,,91
"2019-04-22 00:35:43",,,96.6,,,,96.6
"2019-04-22 00:36:46",95.2,,,,95.2
"2019-04-22 00:37:58",,90.7,,,,90.7
"2019-04-22 00:39:45",95,,,,95
"2019-04-22 00:40:43",,,,94.2,,,,94.2
"2019-04-22 00:40:58",,90.3,,,,90.3
"2019-04-22 00:41:40",,,95.7,,,,95.7
"2019-04-22 00:42:46",94.8,,,,94.8
"2019-04-22 00:43:57",,89.7,,,,89.7
"2019-04-22 00:45:40",94.6,,,,94.6
"2019-04-22 00:46:42",,,,94,,,,94
"2019-04-22 00:46:56",,89.1,,,,89.1
"2019-04-22 00:47:43",,,94.7,,,,94.7
"2019-04-22 00:48:38",94.3,,,,94.3
"2019-04-22 00:49:55",,88.4,,,,88.4
"2019-04-22 00:51:36",94.2,,,,94.2
"2019-04-22 00:52:42",,,,93.9,,,,93.9
"2019-04-22 00:52:54",,87.6,,,,87.6
"2019-04-22 00:53:36",,,94.2,,,,94.2
"2019-04-22 00:54:34",94,,,,94
"2019-04-22 00:55:52",,87.1,,,,87.1
"2019-04-22 00:57:32",93.9,,,,93.9
"2019-04-22 00:58:47",,,,93.7,,,,93.7
"2019-04-22 00:58:51",,87,,,,87
"2019-04-22 00:59:35",,,94.1,,,,94.1
"2019-04-22 01:00:29",93.8,,,,93.8
"2019-04-22 01:01:55",,87.6,,,,87.6
"2019-04-22 01:03:27",93.7,,,,93.7
"2019-04-22 01:04:42",,,,93.5,,,,93.5
"2019-04-22 01:04:48",,88.1,,,,88.1
"2019-04-22 01:05:34",,,93.7,,,,93.7
"2019-04-22 01:06:26",93.6,,,,93.6
"2019-04-22 01:07:47",,88.4,,,,88.4
"2019-04-22 01:09:23",93.4,,,,93.4
"2019-04-22 01:10:42",,,,93.5,,,,93.5
"2019-04-22 01:10:47",,88.3,,,,88.3
"2019-04-22 01:11:32",,,93.1,,,,93.1
"2019-04-22 01:12:22",93.2,,,,93.2
"2019-04-22 01:13:47",,87.9,,,,87.9
"2019-04-22 01:15:20",93,,,,93
"2019-04-22 01:16:43",,,,93.5,,,,93.5
"2019-04-22 01:16:45",,87.6,,,,87.6
"2019-04-22 01:17:31",,,92.4,,,,92.4
"2019-04-22 01:18:18",92.8,,,,92.8
"2019-04-22 01:19:45",,87.3,,,,87.3
"2019-04-22 01:21:16",92.6,,,,92.6
"2019-04-22 01:22:42",,,,93.4,,,,93.4
"2019-04-22 01:22:44",,86.8,,,,86.8
"2019-04-22 01:23:27",,,91.9,,,,91.9
"2019-04-22 01:24:14",92.4,,,,92.4
"2019-04-22 01:25:42",,86.3,,,,86.3
"2019-04-22 01:27:11",92.3,,,,92.3
"2019-04-22 01:28:41",,,,93.3,,,,93.3
"2019-04-22 01:28:47",,85.9,,,,85.9
"2019-04-22 01:29:24",,,91.5,,,,91.5
"2019-04-22 01:30:11",92.2,,,,92.2
"2019-04-22 01:31:41",,85.3,,,,85.3
"2019-04-22 01:33:08",92.1,,,,92.1
"2019-04-22 01:34:41",,85,,,,85
"2019-04-22 01:34:47",,,,93.1,,,,93.1
"2019-04-22 01:35:23",,,91.2,,,,91.2
"2019-04-22 01:36:06",92,,,,92
"2019-04-22 01:37:40",,84.9,,,,84.9
"2019-04-22 01:39:13",91.9,,,,91.9
"2019-04-22 01:40:39",,84.9,,,,84.9
"2019-04-22 01:40:42",,,,93,,,,93
"2019-04-22 01:41:20",,,91,,,,91
"2019-04-22 01:42:12",91.7,,,,91.7
"2019-04-22 01:43:38",,85,,,,85
"2019-04-22 01:45:06",91.7,,,,91.7
"2019-04-22 01:46:37",,85.2,,,,85.2
"2019-04-22 01:46:41",,,,92.9,,,,92.9
"2019-04-22 01:47:18",,,90.7,,,,90.7
"2019-04-22 01:48:04",91.6,,,,91.6
"2019-04-22 01:49:36",,85.4,,,,85.4
"2019-04-22 01:51:00",91.6,,,,91.6
"2019-04-22 01:52:36",,85.7,,,,85.7
"2019-04-22 01:52:56",,,,93,,,,93
"2019-04-22 01:53:15",,,90.7,,,,90.7
"2019-04-22 01:53:58",91.6,,,,91.6
"2019-04-22 01:55:36",,85.8,,,,85.8
"2019-04-22 01:56:57",91.6,,,,91.6
"2019-04-22 01:58:35",,85.9,,,,85.9
"2019-04-22 01:58:46",,,,93.2,,,,93.2
"2019-04-22 01:59:12",,,90.9,,,,90.9
"2019-04-22 01:59:54",91.6,,,,91.6
"2019-04-22 02:01:33",,86,,,,86
"2019-04-22 02:02:52",91.7,,,,91.7
"2019-04-22 02:04:48",,85.9,,,,85.9
"2019-04-22 02:04:50",,,,93.6,,,,93.6
"2019-04-22 02:05:09",,,91.1,,,,91.1
"2019-04-22 02:05:51",91.8,,,,91.8
"2019-04-22 02:07:32",,85.7,,,,85.7
"2019-04-22 02:08:50",92,,,,92
"2019-04-22 02:10:35",,85.4,,,,85.4
"2019-04-22 02:10:43",,,,94,,,,94
"2019-04-22 02:11:08",,,91.4,,,,91.4
"2019-04-22 02:11:49",92,,,,92
"2019-04-22 02:13:31",,85.2,,,,85.2
"2019-04-22 02:14:48",92,,,,92
"2019-04-22 02:16:29",,84.9,,,,84.9
"2019-04-22 02:16:44",,,,94.9,,,,94.9
"2019-04-22 02:17:04",,,91.9,,,,91.9
"2019-04-22 02:17:45",91.9,,,,91.9
"2019-04-22 02:19:28",,84.6,,,,84.6
"2019-04-22 02:20:43",91.8,,,,91.8
"2019-04-22 02:22:27",,84.3,,,,84.3
"2019-04-22 02:22:44",,,,96.1,,,,96.1
"2019-04-22 02:23:07",,,92.8,,,,92.8
"2019-04-22 02:23:47",91.6,,,,91.6
"2019-04-22 02:25:26",,83.8,,,,83.8
"2019-04-22 02:26:42",91.5,,,,91.5
"2019-04-22 02:28:25",,83.3,,,,83.3
"2019-04-22 02:28:44",,,,96.5,,,,96.5
"2019-04-22 02:29:01",,,94.4,,,,94.4
"2019-04-22 02:29:44",91.3,,,,91.3
"2019-04-22 02:31:25",,82.9,,,,82.9
"2019-04-22 02:32:46",91.1,,,,91.1
"2019-04-22 02:34:24",,82.5,,,,82.5
"2019-04-22 02:34:49",,,,96.3,,,,96.3
"2019-04-22 02:35:03",,,96,,,,96
"2019-04-22 02:35:36",91,,,,91
"2019-04-22 02:37:24",,82.1,,,,82.1
"2019-04-22 02:38:34",90.9,,,,90.9
"2019-04-22 02:40:23",,81.6,,,,81.6
"2019-04-22 02:40:50",,,,96,,,,96
"2019-04-22 02:41:07",,,97.2,,,,97.2
"2019-04-22 02:41:31",90.7,,,,90.7
"2019-04-22 02:43:22",,81.2,,,,81.2
"2019-04-22 02:44:30",90.7,,,,90.7
"2019-04-22 02:46:20",,80.7,,,,80.7
"2019-04-22 02:46:44",,,,95.7,,,,95.7
"2019-04-22 02:46:56",,,97.9,,,,97.9
"2019-04-22 02:47:28",90.6,,,,90.6
"2019-04-22 02:49:19",,80.3,,,,80.3
"2019-04-22 02:50:26",90.5,,,,90.5
"2019-04-22 02:52:18",,80,,,,80
"2019-04-22 02:52:44",,,,95.5,,,,95.5
"2019-04-22 02:52:55",,,97.4,,,,97.4
"2019-04-22 02:53:24",90.4,,,,90.4
"2019-04-22 02:55:18",,79.9,,,,79.9
"2019-04-22 02:56:22",90.2,,,,90.2
"2019-04-22 02:58:17",,79.6,,,,79.6
"2019-04-22 02:58:45",,,,95.3,,,,95.3
"2019-04-22 02:58:53",,,97.1,,,,97.1
"2019-04-22 02:59:20",90.1,,,,90.1
"2019-04-22 03:01:16",,79.3,,,,79.3
"2019-04-22 03:02:18",89.9,,,,89.9
"2019-04-22 03:04:15",,79.1,,,,79.1
"2019-04-22 03:04:46",,,,95.1,,,,95.1
"2019-04-22 03:04:51",,,97.1,,,,97.1
"2019-04-22 03:05:17",89.7,,,,89.7
"2019-04-22 03:07:13",,78.6,,,,78.6
"2019-04-22 03:08:16",89.6,,,,89.6
"2019-04-22 03:10:12",,78.5,,,,78.5
"2019-04-22 03:10:41",,,,96.7,,,,96.7
"2019-04-22 03:10:49",,,96.1,,,,96.1
"2019-04-22 03:11:13",89.6,,,,89.6
"2019-04-22 03:13:11",,78.2,,,,78.2
"2019-04-22 03:14:11",89.5,,,,89.5
"2019-04-22 03:16:10",,78,,,,78
"2019-04-22 03:16:42",,,,97.8,,,,97.8
"2019-04-22 03:16:48",,,97.2,,,,97.2
"2019-04-22 03:17:09",89.3,,,,89.3
"2019-04-22 03:19:09",,77.9,,,,77.9
"2019-04-22 03:20:07",89.2,,,,89.2
"2019-04-22 03:22:08",,77.7,,,,77.7
"2019-04-22 03:22:38",,,,96.9,,,,96.9
"2019-04-22 03:22:45",,,98.4,,,,98.4
"2019-04-22 03:23:09",89.1,,,,89.1
"2019-04-22 03:25:08",,77.5,,,,77.5
"2019-04-22 03:26:07",88.9,,,,88.9
"2019-04-22 03:28:08",,77.3,,,,77.3
"2019-04-22 03:28:37",,,,96.5,,,,96.5
"2019-04-22 03:28:43",,,99,,,,99
"2019-04-22 03:29:06",88.8,,,,88.8
"2019-04-22 03:31:07",,77.1,,,,77.1
"2019-04-22 03:32:04",88.6,,,,88.6
"2019-04-22 03:34:06",,76.9,,,,76.9
"2019-04-22 03:34:37",,,,96.3,,,,96.3
"2019-04-22 03:34:41",,,99.2,,,,99.2
"2019-04-22 03:35:01",88.6,,,,88.6
"2019-04-22 03:37:10",,77,,,,77
"2019-04-22 03:37:56",88.6,,,,88.6
"2019-04-22 03:40:05",,77.4,,,,77.4
"2019-04-22 03:40:37",,,,96.8,,,,96.8
"2019-04-22 03:40:39",,,100,,,,100
"2019-04-22 03:40:54",88.6,,,,88.6
"2019-04-22 03:43:09",,78,,,,78
"2019-04-22 03:43:56",88.6,,,,88.6
"2019-04-22 03:46:09",,78.6,,,,78.6
"2019-04-22 03:46:37",,,100.5,,,,100.5
"2019-04-22 03:46:38",,,,96.7,,,,96.7
"2019-04-22 03:46:50",88.6,,,,88.6
"2019-04-22 03:49:04",,78.9,,,,78.9
"2019-04-22 03:49:48",88.6,,,,88.6
"2019-04-22 03:52:02",,79,,,,79
"2019-04-22 03:52:38",,,,96.5,,,,96.5
"2019-04-22 03:52:39",,,99.9,,,,99.9
"2019-04-22 03:52:45",88.5,,,,88.5
"2019-04-22 03:55:02",,79,,,,79
"2019-04-22 03:55:44",88.4,,,,88.4
"2019-04-22 03:58:01",,78.9,,,,78.9
"2019-04-22 03:58:33",,,99.6,,,,99.6
"2019-04-22 03:58:39",,,,96.2,,,,96.2
"2019-04-22 03:58:49",88.2,,,,88.2
"2019-04-22 04:01:00",,78.7,,,,78.7
"2019-04-22 04:01:43",88.1,,,,88.1
"2019-04-22 04:04:00",,78.5,,,,78.5
"2019-04-22 04:04:30",,,99.6,,,,99.6
"2019-04-22 04:04:36",88.1,,,,88.1
"2019-04-22 04:04:39",,,,95.8,,,,95.8
"2019-04-22 04:07:00",,78.2,,,,78.2
"2019-04-22 04:07:34",88.1,,,,88.1
"2019-04-22 04:09:59",,78.4,,,,78.4
"2019-04-22 04:10:28",,,99.2,,,,99.2
"2019-04-22 04:10:33",88.4,,,,88.4
"2019-04-22 04:10:38",,,,95.6,,,,95.6
"2019-04-22 04:12:58",,79,,,,79
"2019-04-22 04:13:30",89.1,,,,89.1
"2019-04-22 04:15:57",,79.4,,,,79.4
"2019-04-22 04:16:31",,,98.8,,,,98.8
"2019-04-22 04:16:34",89.7,,,,89.7
"2019-04-22 04:16:42",,,,95.5,,,,95.5
"2019-04-22 04:18:56",,79.6,,,,79.6
"2019-04-22 04:19:26",90.5,,,,90.5
"2019-04-22 04:21:55",,79.8,,,,79.8
"2019-04-22 04:22:23",,,98.4,,,,98.4
"2019-04-22 04:22:25",91.5,,,,91.5
"2019-04-22 04:22:39",,,,95.6,,,,95.6
"2019-04-22 04:24:55",,79.8,,,,79.8
"2019-04-22 04:25:03",92.6,,,,92.6
"2019-04-22 04:27:53",,79.7,,,,79.7
"2019-04-22 04:28:02",93.6,,,,93.6
"2019-04-22 04:28:27",,,97.8,,,,97.8
"2019-04-22 04:28:39",,,,95.7,,,,95.7
"2019-04-22 04:30:52",,79.6,,,,79.6
"2019-04-22 04:31:00",94.3,,,,94.3
"2019-04-22 04:33:52",,79.4,,,,79.4
"2019-04-22 04:33:59",95,,,,95
"2019-04-22 04:34:24",,,96.9,,,,96.9
"2019-04-22 04:34:39",,,,95.8,,,,95.8
"2019-04-22 04:36:51",,79.2,,,,79.2
"2019-04-22 04:37:01",95.6,,,,95.6
"2019-04-22 04:39:49",,79.4,,,,79.4
"2019-04-22 04:39:55",96.2,,,,96.2
"2019-04-22 04:40:18",,,96.2,,,,96.2
"2019-04-22 04:40:39",,,,95.9,,,,95.9
"2019-04-22 04:42:48",,80.4,,,,80.4
"2019-04-22 04:42:53",96.8,,,,96.8
"2019-04-22 04:42:55",,,94,,,,94
"2019-04-22 04:45:24",,81.5,,,,81.5
"2019-04-22 04:45:50",98,,,,98
"2019-04-22 04:46:41",,,,96.1,,,,96.1
"2019-04-22 04:47:42",,,91.6,,,,91.6
"2019-04-22 04:48:02",,82.7,,,,82.7
"2019-04-22 04:48:47",99.1,,,,99.1
"2019-04-22 04:49:41",,83.8,,,,83.8
"2019-04-22 04:51:00",,84.9,,,,84.9
"2019-04-22 04:51:45",99.5,,,,99.5
"2019-04-22 04:52:28",,86.1,,,,86.1
"2019-04-22 04:52:41",,,,96.1,,,,96.1
"2019-04-22 04:53:34",,87.3,,,,87.3
"2019-04-22 04:53:42",,,89.8,,,,89.8
"2019-04-22 04:54:38",,88.4,,,,88.4
"2019-04-22 04:54:42",99.5,,,,99.5
"2019-04-22 04:55:53",,89.5,,,,89.5
"2019-04-22 04:57:17",,90.7,,,,90.7
"2019-04-22 04:57:31",,,91.5,,,,91.5
"2019-04-22 04:57:40",99.5,,,,99.5
"2019-04-22 04:58:40",,,,96.1,,,,96.1
"2019-04-22 04:59:16",,91.8,,,,91.8
"2019-04-22 05:00:37",99.3,,,,99.3
"2019-04-22 05:01:59",,92.9,,,,92.9
"2019-04-22 05:03:29",,,93.2,,,,93.2
"2019-04-22 05:03:35",99.1,,,,99.1
"2019-04-22 05:04:43",,,,96,,,,96
"2019-04-22 05:05:17",,93.6,,,,93.6
"2019-04-22 05:06:34",98.9,,,,98.9
"2019-04-22 05:07:58",,94.1,,,,94.1
"2019-04-22 05:09:27",,,93.3,,,,93.3
"2019-04-22 05:09:32",98.7,,,,98.7
"2019-04-22 05:10:43",,,,96.1,,,,96.1
"2019-04-22 05:10:57",,94.4,,,,94.4
"2019-04-22 05:12:30",98.4,,,,98.4
"2019-04-22 05:13:56",,94.2,,,,94.2
"2019-04-22 05:15:24",,,93.4,,,,93.4
"2019-04-22 05:15:27",98.2,,,,98.2
"2019-04-22 05:16:38",,,,96.3,,,,96.3
"2019-04-22 05:16:56",,94,,,,94
"2019-04-22 05:18:26",98,,,,98
"2019-04-22 05:19:54",,93.7,,,,93.7
"2019-04-22 05:21:23",,,93.8,,,,93.8
"2019-04-22 05:21:24",97.8,,,,97.8
"2019-04-22 05:22:38",,,,96.7,,,,96.7
"2019-04-22 05:22:54",,93.5,,,,93.5
"2019-04-22 05:24:22",97.5,,,,97.5
"2019-04-22 05:25:53",,93.3,,,,93.3
"2019-04-22 05:27:19",97.2,,,,97.2
"2019-04-22 05:27:21",,,94,,,,94
"2019-04-22 05:28:37",,,,96.8,,,,96.8
"2019-04-22 05:28:52",,93.1,,,,93.1
"2019-04-22 05:30:17",97,,,,97
"2019-04-22 05:32:02",,92.8,,,,92.8
"2019-04-22 05:33:16",96.8,,,,96.8
"2019-04-22 05:33:19",,,95,,,,95
"2019-04-22 05:34:36",,,,96.9,,,,96.9
"2019-04-22 05:35:09",,92.5,,,,92.5
"2019-04-22 05:36:14",96.7,,,,96.7
"2019-04-22 05:37:49",,92.2,,,,92.2
"2019-04-22 05:39:12",96.6,,,,96.6
"2019-04-22 05:39:17",,,96,,,,96
"2019-04-22 05:40:36",,,,97.4,,,,97.4
"2019-04-22 05:40:49",,92.2,,,,92.2
"2019-04-22 05:42:10",96.5,,,,96.5
"2019-04-22 05:43:48",,92.3,,,,92.3
"2019-04-22 05:45:07",96.3,,,,96.3
"2019-04-22 05:45:14",,,97.1,,,,97.1
"2019-04-22 05:46:35",,,,97.6,,,,97.6
"2019-04-22 05:46:52",,92.2,,,,92.2
"2019-04-22 05:48:06",96.2,,,,96.2
"2019-04-22 05:49:47",,91.9,,,,91.9
"2019-04-22 05:51:04",96,,,,96
"2019-04-22 05:51:23",,,98,,,,98
"2019-04-22 05:52:35",,,,97.2,,,,97.2
"2019-04-22 05:52:47",,91.5,,,,91.5
"2019-04-22 05:54:04",95.9,,,,95.9
"2019-04-22 05:55:46",,91.7,,,,91.7
"2019-04-22 05:57:02",95.8,,,,95.8
"2019-04-22 05:57:13",,,99.1,,,,99.1
"2019-04-22 05:58:40",,,,97.6,,,,97.6
"2019-04-22 05:58:46",,91.6,,,,91.6
"2019-04-22 06:00:01",95.9,,,,95.9
"2019-04-22 06:01:45",,91.9,,,,91.9
"2019-04-22 06:03:00",95.9,,,,95.9
"2019-04-22 06:03:09",,,100.5,,,,100.5
"2019-04-22 06:04:36",,,,97.3,,,,97.3
"2019-04-22 06:04:45",,92,,,,92
"2019-04-22 06:05:57",96.2,,,,96.2
"2019-04-22 06:08:00",,92.1,,,,92.1
"2019-04-22 06:08:55",96.6,,,,96.6
"2019-04-22 06:09:11",,,101.4,,,,101.4
"2019-04-22 06:10:40",,,,97.1,,,,97.1
"2019-04-22 06:10:43",,91.9,,,,91.9
"2019-04-22 06:11:52",96.8,,,,96.8
"2019-04-22 06:13:43",,91.6,,,,91.6
"2019-04-22 06:14:50",95.5,,,,95.5
"2019-04-22 06:15:13",,,101.1,,,,101.1
"2019-04-22 06:16:37",,,,96.7,,,,96.7
"2019-04-22 06:16:46",,91.4,,,,91.4
"2019-04-22 06:19:46",,89.1,,,,89.1
"2019-04-22 06:20:45",,,99,,,,99
"2019-04-22 06:22:42",,,,97.6,,,,97.6
"2019-04-22 06:26:44",,,99.2,,,,99.2
"2019-04-22 06:28:42",,,,98.5,,,,98.5
"2019-04-22 06:32:44",,,100.3,,,,100.3
"2019-04-22 06:34:39",,,,98.4,,,,98.4
"2019-04-22 06:38:40",,,99.9,,,,99.9
"2019-04-22 06:40:37",,,,98.1,,,,98.1
"2019-04-22 06:44:44",,,98.4,,,,98.4
"2019-04-22 06:46:38",,,,97.7,,,,97.7
"2019-04-22 06:50:37",,,97.6,,,,97.6
"2019-04-22 06:52:37",,,,97.2,,,,97.2
"2019-04-22 06:56:35",,,98.8,,,,98.8
"2019-04-22 06:58:36",,,,96.8,,,,96.8
"2019-04-22 07:02:34",,,100.1,,,,100.1
"2019-04-22 07:04:41",,,,96.6,,,,96.6
"2019-04-22 07:08:40",,,100.3,,,,100.3
"2019-04-22 07:10:36",,,,96.2,,,,96.2
"2019-04-22 07:14:29",,,99.8,,,,99.8
"2019-04-22 07:16:37",,,,95.9,,,,95.9
"2019-04-22 07:20:28",,,99.2,,,,99.2
"2019-04-22 07:22:37",,,,95.7,,,,95.7
"2019-04-22 07:26:27",,,99.2,,,,99.2
"2019-04-22 07:28:36",,,,95.6,,,,95.6
"2019-04-22 07:32:24",,,99.8,,,,99.8
"2019-04-22 07:34:37",,,,95.4,,,,95.4
"2019-04-22 07:38:24",,,99.5,,,,99.5
"2019-04-22 07:40:38",,,,95.2,,,,95.2
"2019-04-22 07:44:23",,,98.8,,,,98.8
"2019-04-22 07:46:38",,,,95,,,,95
"2019-04-22 07:50:21",,,97.9,,,,97.9
"2019-04-22 07:52:39",,,,95.3,,,,95.3
"2019-04-22 07:56:21",,,96.6,,,,96.6
"2019-04-22 07:58:40",,,,97.2,,,,97.2
"2019-04-22 08:02:19",,,96.9,,,,96.9
"2019-04-22 08:04:42",,,,97.5,,,,97.5
"2019-04-22 08:08:19",,,97.2,,,,97.2
"2019-04-22 08:10:41",,,,96.7,,,,96.7
"2019-04-22 08:14:16",,,97,,,,97
"2019-04-22 08:16:41",,,,96.2,,,,96.2
"2019-04-22 08:20:20",,,97.4,,,,97.4
"2019-04-22 08:22:41",,,,96.1,,,,96.1
"2019-04-22 08:26:13",,,98.1,,,,98.1
"2019-04-22 08:28:40",,,,96.2,,,,96.2
"2019-04-22 08:32:15",,,98.5,,,,98.5
"2019-04-22 08:34:40",,,,96.3,,,,96.3
"2019-04-22 08:36:36",,,99.9,,,,99.9
"2019-04-22 08:40:40",,,,96.6,,,,96.6
"2019-04-22 08:42:34",,,100.4,,,,100.4
"2019-04-22 08:46:39",,,,96.7,,,,96.7
"2019-04-22 08:48:32",,,100.3,,,,100.3
"2019-04-22 08:52:38",,,,96.6,,,,96.6
"2019-04-22 08:54:34",,,100.2,,,,100.2
"2019-04-22 08:58:38",,,,97.4,,,,97.4
"2019-04-22 09:00:29",,,100.1,,,,100.1
"2019-04-22 09:04:39",,,,97.6,,,,97.6
"2019-04-22 09:06:27",,,99.7,,,,99.7
"2019-04-22 09:10:38",,,,97.4,,,,97.4
"2019-04-22 09:12:25",,,99.1,,,,99.1
"2019-04-22 09:16:39",,,,97.4,,,,97.4
"2019-04-22 09:18:24",,,98.5,,,,98.5
"2019-04-22 09:22:39",,,,97.4,,,,97.4
"2019-04-22 09:24:21",,,98.2,,,,98.2
"2019-04-22 09:28:40",,,,97.7,,,,97.7
"2019-04-22 09:30:24",,,98.2,,,,98.2
"2019-04-22 09:34:39",,,,97.5,,,,97.5
"2019-04-22 09:36:18",,,98.5,,,,98.5
"2019-04-22 09:40:40",,,,97.2,,,,97.2
"2019-04-22 09:42:16",,,98.4,,,,98.4
"2019-04-22 09:46:44",,,,96.9,,,,96.9
"2019-04-22 09:48:13",,,98.2,,,,98.2
"2019-04-22 09:52:41",,,,96.7,,,,96.7
"2019-04-22 09:54:17",,,98.2,,,,98.2
"2019-04-22 09:58:41",,,,96.7,,,,96.7
"2019-04-22 10:00:11",,,98.3,,,,98.3
"2019-04-22 10:04:45",,,,97.1,,,,97.1
"2019-04-22 10:06:08",,,98.3,,,,98.3
"2019-04-22 10:10:40",,,,97.1,,,,97.1
"2019-04-22 10:12:06",,,98.8,,,,98.8
"2019-04-22 10:16:42",,,,97.2,,,,97.2
"2019-04-22 10:18:04",,,99.4,,,,99.4
"2019-04-22 10:22:42",,,,97.8,,,,97.8
"2019-04-22 10:24:04",,,99.3,,,,99.3
"2019-04-22 10:28:41",,,,97.7,,,,97.7
"2019-04-22 10:30:07",,,98.8,,,,98.8
"2019-04-22 10:34:42",,,,97.4,,,,97.4
"2019-04-22 10:36:01",,,98.6,,,,98.6
"2019-04-22 10:40:42",,,,97.5,,,,97.5
"2019-04-22 10:42:00",,,98.7,,,,98.7
"2019-04-22 10:46:41",,,,97.9,,,,97.9
"2019-04-22 10:47:57",,,98.9,,,,98.9
"2019-04-22 10:52:41",,,,97.8,,,,97.8
"2019-04-22 10:53:53",,,98.6,,,,98.6
"2019-04-22 10:58:51",,,,97.5,,,,97.5
"2019-04-22 10:59:50",,,98.3,,,,98.3
"2019-04-22 11:04:42",,,,97.2,,,,97.2
"2019-04-22 11:05:49",,,98.4,,,,98.4
"2019-04-22 11:10:46",,,,97.1,,,,97.1
"2019-04-22 11:11:46",,,98.8,,,,98.8
"2019-04-22 11:16:43",,,,97.3,,,,97.3
"2019-04-22 11:17:43",,,98.9,,,,98.9
"2019-04-22 11:22:42",,,,97.9,,,,97.9
"2019-04-22 11:23:40",,,98.9,,,,98.9
"2019-04-22 11:28:42",,,,97.9,,,,97.9
"2019-04-22 11:29:38",,,98.9,,,,98.9
"2019-04-22 11:35:01",,,,98.2,,,,98.2
"2019-04-22 11:35:36",,,99.3,,,,99.3
"2019-04-22 11:40:41",,,,98,,,,98
"2019-04-22 11:41:34",,,99.5,,,,99.5
"2019-04-22 11:46:40",,,,97.5,,,,97.5
"2019-04-22 11:47:33",,,99.7,,,,99.7
"2019-04-22 11:52:40",,,,96.8,,,,96.8
"2019-04-22 11:53:31",,,99.7,,,,99.7
"2019-04-22 11:58:44",,,,96.4,,,,96.4
"2019-04-22 11:59:28",,,99.6,,,,99.6
"2019-04-22 12:04:39",,,,96.1,,,,96.1
"2019-04-22 12:05:26",,,99.7,,,,99.7
"2019-04-22 12:10:43",,,,95.9,,,,95.9
"2019-04-22 12:11:24",,,98.7,,,,98.7
"2019-04-22 12:16:40",,,,95.9,,,,95.9
"2019-04-22 12:17:23",,,98,,,,98
"2019-04-22 12:22:40",,,,96.1,,,,96.1
"2019-04-22 12:23:20",,,98.2,,,,98.2
"2019-04-22 12:28:39",,,,96.4,,,,96.4
"2019-04-22 12:29:24",,,97.6,,,,97.6
"2019-04-22 12:34:39",,,,96.4,,,,96.4
"2019-04-22 12:35:17",,,96.8,,,,96.8
"2019-04-22 12:40:40",,,,96.4,,,,96.4
"2019-04-22 12:41:15",,,96.3,,,,96.3
"2019-04-22 12:46:39",,,,96.2,,,,96.2
"2019-04-22 12:47:17",,,96.1,,,,96.1
"2019-04-22 12:52:44",,,,96.4,,,,96.4
"2019-04-22 12:53:12",,,95.8,,,,95.8
"2019-04-22 12:58:40",,,,97.9,,,,97.9
"2019-04-22 12:59:11",,,95.1,,,,95.1
"2019-04-22 13:04:40",,,,98.7,,,,98.7
"2019-04-22 13:05:09",,,95.3,,,,95.3
"2019-04-22 13:10:41",,,,98.5,,,,98.5
"2019-04-22 13:11:07",,,96.3,,,,96.3
"2019-04-22 13:16:43",,,,98.2,,,,98.2
"2019-04-22 13:17:06",,,97.4,,,,97.4
"2019-04-22 13:21:43",,,98.8,,,,98.8
"2019-04-22 13:22:43",,,,97.8,,,,97.8
"2019-04-22 13:26:45",,,99.7,,,,99.7
"2019-04-22 13:28:51",,,,98.1,,,,98.1
"2019-04-22 13:32:44",,,101.1,,,,101.1
"2019-04-22 13:34:47",,,,97.3,,,,97.3
"2019-04-22 13:38:41",,,101.4,,,,101.4
"2019-04-22 13:40:43",,,,96.9,,,,96.9
"2019-04-22 13:44:39",,,101.3,,,,101.3
"2019-04-22 13:46:43",,,,96.8,,,,96.8
"2019-04-22 13:50:43",,,100.8,,,,100.8
"2019-04-22 13:52:43",,,,97.1,,,,97.1
"2019-04-22 13:56:35",,,99.8,,,,99.8
"2019-04-22 13:58:43",,,,97,,,,97
"2019-04-22 14:02:34",,,99.5,,,,99.5
"2019-04-22 14:04:44",,,,97.2,,,,97.2
"2019-04-22 14:08:34",,,99.2,,,,99.2
"2019-04-22 14:10:44",,,,98.3,,,,98.3
"2019-04-22 14:14:31",,,99.5,,,,99.5
"2019-04-22 14:16:45",,,,98.2,,,,98.2
"2019-04-22 14:20:28",,,99.4,,,,99.4
"2019-04-22 14:22:48",,,,97.9,,,,97.9
"2019-04-22 14:26:25",,,99.4,,,,99.4
"2019-04-22 14:28:44",,,,97.5,,,,97.5
"2019-04-22 14:32:23",,,99.6,,,,99.6
"2019-04-22 14:34:44",,,,97.2,,,,97.2
"2019-04-22 14:38:22",,,99.6,,,,99.6
"2019-04-22 14:40:43",,,,96.8,,,,96.8
"2019-04-22 14:44:20",,,99.5,,,,99.5
"2019-04-22 14:46:44",,,,96.7,,,,96.7
"2019-04-22 14:50:17",,,99.3,,,,99.3
"2019-04-22 14:52:44",,,,96.5,,,,96.5
"2019-04-22 14:56:16",,,99.1,,,,99.1
"2019-04-22 14:58:44",,,,96.3,,,,96.3
"2019-04-22 15:02:15",,,99.1,,,,99.1
"2019-04-22 15:04:44",,,,96.3,,,,96.3
"2019-04-22 15:08:13",,,98.9,,,,98.9
"2019-04-22 15:10:52",,,,96.3,,,,96.3
"2019-04-22 15:14:16",,,98.8,,,,98.8
"2019-04-22 15:16:44",,,,96.5,,,,96.5
"2019-04-22 15:20:10",,,98.6,,,,98.6
"2019-04-22 15:22:53",,,,96.6,,,,96.6
"2019-04-22 15:26:07",,,98.5,,,,98.5
"2019-04-22 15:28:47",,,,96.6,,,,96.6
"2019-04-22 15:32:05",,,98.3,,,,98.3
"2019-04-22 15:34:47",,,,96.7,,,,96.7
"2019-04-22 15:38:05",,,98.1,,,,98.1
"2019-04-22 15:40:48",,,,97.3,,,,97.3
"2019-04-22 15:44:03",,,98.3,,,,98.3
"2019-04-22 15:46:45",,,,97.4,,,,97.4
"2019-04-22 15:50:00",,,98.4,,,,98.4
"2019-04-22 15:52:45",,,,97.3,,,,97.3
"2019-04-22 15:55:59",,,99,,,,99
"2019-04-22 15:58:46",,,,97.6,,,,97.6
"2019-04-22 16:01:57",,,99.2,,,,99.2
"2019-04-22 16:04:47",,,,97.4,,,,97.4
"2019-04-22 16:07:55",,,99,,,,99
"2019-04-22 16:10:48",,,,97.2,,,,97.2
"2019-04-22 16:13:53",,,98.7,,,,98.7
"2019-04-22 16:16:48",,,,96.9,,,,96.9
"2019-04-22 16:19:49",,,98.4,,,,98.4
"2019-04-22 16:22:53",,,,96.8,,,,96.8
"2019-04-22 16:25:46",,,98.1,,,,98.1
"2019-04-22 16:28:50",,,,96.8,,,,96.8
"2019-04-22 16:31:45",,,97.7,,,,97.7
"2019-04-22 16:34:51",,,,96.7,,,,96.7
"2019-04-22 16:37:46",,,97.4,,,,97.4
"2019-04-22 16:40:50",,,,96.6,,,,96.6
"2019-04-22 16:43:41",,,97,,,,97
"2019-04-22 16:46:49",,,,96.5,,,,96.5
"2019-04-22 16:49:39",,,96.6,,,,96.6
"2019-04-22 16:52:51",,,,96.5,,,,96.5
"2019-04-22 16:58:50",,,,96.4,,,,96.4
"2019-04-22 17:04:50",,,,96.6,,,,96.6
"2019-04-22 17:10:49",,,,96.7,,,,96.7
"2019-04-22 17:16:49",,,,96.7,,,,96.7
"2019-04-22 17:22:49",,,,96.6,,,,96.6
"2019-04-22 17:28:50",,,,96.6,,,,96.6
"2019-04-22 17:34:49",,,,96.5,,,,96.5
"2019-04-22 17:40:48",,,,96.4,,,,96.4
"2019-04-22 17:46:47",,,,96.6,,,,96.6
"2019-04-22 17:52:51",,,,96.6,,,,96.6
"2019-04-22 17:58:47",,,,96.5,,,,96.5
"2019-04-22 18:04:47",,,,96.5,,,,96.5
"2019-04-22 18:10:46",,,,96.5,,,,96.5
"2019-04-22 18:16:45",,,,96.5,,,,96.5
"2019-04-22 18:22:44",,,,96.6,,,,96.6
"2019-04-22 18:28:44",,,,96.6,,,,96.6
"2019-04-22 18:34:49",,,,96.6,,,,96.6
"2019-04-22 18:40:45",,,,96.5,,,,96.5
"2019-04-22 18:46:46",,,,96.4,,,,96.4
"2019-04-22 18:52:48",,,,96.5,,,,96.5
"2019-04-22 18:58:49",,,,96.6,,,,96.6
"2019-04-22 19:04:48",,,,96.7,,,,96.7
"2019-04-22 19:10:49",,,,96.8,,,,96.8
"2019-04-22 19:16:49",,,,96.8,,,,96.8
"2019-04-22 19:22:49",,,,96.8,,,,96.8
"2019-04-22 19:28:49",,,,96.8,,,,96.8
"2019-04-22 19:34:49",,,,96.8,,,,96.8
"2019-04-22 19:40:49",,,,96.8,,,,96.8
"2019-04-22 19:42:47",97.2,,,,97.2
"2019-04-22 19:46:49",,,,96.8,,,,96.8
"2019-04-22 19:52:53",,,,97.1,,,,97.1
"2019-04-22 19:56:47",,91.8,,,,91.8
"2019-04-22 19:58:48",,,,97.1,,,,97.1
"2019-04-22 20:00:29",97.3,,,,97.3
"2019-04-22 20:04:57",,,,97.1,,,,97.1
"2019-04-22 20:06:34",,,98.1,,,,98.1
"2019-04-22 20:14:41",,92.7,,,,92.7
"2019-04-22 20:18:14",100.4,,,,100.4
"2019-04-22 20:31:57",,93.8,,,,93.8
"2019-04-22 20:36:02",100.1,,,,100.1
"2019-04-22 20:40:47",,,,97.7,,,,97.7
"2019-04-22 20:42:41",,,99.4,,,,99.4
"2019-04-22 20:49:51",,95.5,,,,95.5
"2019-04-22 20:53:49",98.7,,,,98.7
"2019-04-22 21:07:56",,95,,,,95
"2019-04-22 21:11:39",97.5,,,,97.5
"2019-04-22 21:16:47",,,,96.1,,,,96.1
"2019-04-22 21:18:21",,,100.2,,,,100.2
"2019-04-22 21:25:46",,95.2,,,,95.2
"2019-04-22 21:29:30",96.5,,,,96.5
"2019-04-22 21:58:33",,92.7,,,,92.7
"2019-04-22 22:02:22",94.9,,,,94.9
"2019-04-22 22:07:48",,,,94.7,,,,94.7
"2019-04-22 22:08:55",,,98.2,,,,98.2
"2019-04-22 22:16:29",,89.8,,,,89.8
"2019-04-22 22:20:03",93.8,,,,93.8
"2019-04-22 22:34:22",,87.3,,,,87.3
"2019-04-22 22:37:51",92.5,,,,92.5
"2019-04-22 22:43:50",,,,95.6,,,,95.6
"2019-04-22 22:43:50",,,96.4,,,,96.4
"2019-04-22 22:51:21",,86.3,,,,86.3
"2019-04-22 22:55:17",92.6,,,,92.6
"2019-04-22 23:09:09",,87.9,,,,87.9
"2019-04-22 23:13:01",96.8,,,,96.8
"2019-04-22 23:19:42",,,99.7,,,,99.7
"2019-04-22 23:19:54",,,,95.3,,,,95.3
"2019-04-22 23:27:05",,90.7,,,,90.7
"2019-04-22 23:30:46",98.7,,,,98.7
"2019-04-22 23:44:59",,94,,,,94
"2019-04-22 23:48:23",98.2,,,,98.2
"2019-04-22 23:55:33",,,96.9,,,,96.9
"2019-04-22 23:55:56",,,,95.7,,,,95.7
"2019-04-23 00:02:54",,94.4,,,,94.4
"2019-04-23 00:06:20",97.6,,,,97.6
"2019-04-23 00:20:48",,92.4,,,,92.4
"2019-04-23 00:23:59",96.6,,,,96.6
"2019-04-23 00:31:20",,,97.9,,,,97.9
"2019-04-23 00:32:01",,,,96.9,,,,96.9
"2019-04-23 00:38:46",,92.3,,,,92.3
"2019-04-23 00:41:47",96.3,,,,96.3
"2019-04-23 00:56:34",,91.1,,,,91.1
"2019-04-23 00:59:37",96.7,,,,96.7
"2019-04-23 01:07:09",,,100.8,,,,100.8
"2019-04-23 01:08:05",,,,97.3,,,,97.3
"2019-04-23 01:14:37",,90.8,,,,90.8
"2019-04-23 01:17:27",97.8,,,,97.8
"2019-04-23 01:32:31",,92.7,,,,92.7
"2019-04-23 01:35:16",98.8,,,,98.8
"2019-04-23 01:42:57",,,99.7,,,,99.7
"2019-04-23 01:44:07",,,,96.2,,,,96.2
"2019-04-23 01:50:21",,94.6,,,,94.6
"2019-04-23 01:53:04",98.5,,,,98.5
"2019-04-23 02:08:17",,94.8,,,,94.8
"2019-04-23 02:10:58",98.1,,,,98.1
"2019-04-23 02:18:53",,,98.7,,,,98.7
"2019-04-23 02:20:05",,,,96.5,,,,96.5
"2019-04-23 02:26:10",,93.9,,,,93.9
"2019-04-23 02:28:48",97.4,,,,97.4
"2019-04-23 02:44:06",,93.3,,,,93.3
"2019-04-23 02:46:35",97,,,,97
"2019-04-23 02:54:35",,,99.4,,,,99.4
"2019-04-23 02:56:06",,,,95.8,,,,95.8
"2019-04-23 03:02:05",,92.6,,,,92.6
"2019-04-23 03:04:27",97,,,,97
"2019-04-23 03:19:56",,90.1,,,,90.1
"2019-04-23 03:22:16",96.2,,,,96.2
"2019-04-23 03:29:18",,,96.4,,,,96.4
"2019-04-23 03:32:06",,,,95.2,,,,95.2
"2019-04-23 03:37:51",,89.6,,,,89.6
"2019-04-23 03:40:04",95.8,,,,95.8
"2019-04-23 03:55:45",,89.3,,,,89.3
"2019-04-23 03:57:54",96.6,,,,96.6
"2019-04-23 04:05:10",,,95.9,,,,95.9
"2019-04-23 04:08:07",,,,96.2,,,,96.2
"2019-04-23 04:13:42",,89.2,,,,89.2
"2019-04-23 04:15:49",97.7,,,,97.7
"2019-04-23 04:31:37",,91.6,,,,91.6
"2019-04-23 04:33:40",99,,,,99
"2019-04-23 04:40:58",,,98.1,,,,98.1
"2019-04-23 04:44:09",,,,96.6,,,,96.6
"2019-04-23 04:49:31",,93.7,,,,93.7
"2019-04-23 04:51:23",98.9,,,,98.9
"2019-04-23 05:07:26",,92.5,,,,92.5
"2019-04-23 05:09:11",97.8,,,,97.8
"2019-04-23 05:16:42",,,97.9,,,,97.9
"2019-04-23 05:20:12",,,,96.4,,,,96.4
"2019-04-23 05:25:19",,91.7,,,,91.7
"2019-04-23 05:27:04",97,,,,97
"2019-04-23 05:43:13",,91.9,,,,91.9
"2019-04-23 05:44:49",97.2,,,,97.2
"2019-04-23 05:52:34",,,98.2,,,,98.2
"2019-04-23 05:56:13",,,,96.6,,,,96.6
"2019-04-23 06:01:06",,90.5,,,,90.5
"2019-04-23 06:02:36",97.4,,,,97.4
"2019-04-23 06:19:01",,91.9,,,,91.9
"2019-04-23 06:20:43",98.5,,,,98.5
"2019-04-23 06:28:24",,,99.1,,,,99.1
"2019-04-23 06:32:30",,,,96.7,,,,96.7
"2019-04-23 06:36:22",,91.8,,,,91.8
"2019-04-23 06:38:20",100,,,,100
"2019-04-23 06:54:09",,93.9,,,,93.9
"2019-04-23 06:56:03",98.4,,,,98.4
"2019-04-23 07:03:35",,,98.7,,,,98.7
"2019-04-23 07:08:23",,,,96.6,,,,96.6
"2019-04-23 07:12:01",,95.3,,,,95.3
"2019-04-23 07:13:55",97.5,,,,97.5
"2019-04-23 07:30:05",,95.7,,,,95.7
"2019-04-23 07:31:43",97.3,,,,97.3
"2019-04-23 07:39:25",,,100.8,,,,100.8
"2019-04-23 07:44:19",,,,95.7,,,,95.7
"2019-04-23 07:47:51",,94,,,,94
"2019-04-23 07:49:34",97,,,,97
"2019-04-23 08:05:48",,90.8,,,,90.8
"2019-04-23 08:06:39",96.7,,,,96.7
"2019-04-23 08:15:13",,,97.4,,,,97.4
"2019-04-23 08:20:20",,,,95.9,,,,95.9
"2019-04-23 08:23:41",,90.4,,,,90.4
"2019-04-23 08:24:30",97.7,,,,97.7
"2019-04-23 08:41:33",,91.7,,,,91.7
"2019-04-23 08:41:36",99.1,,,,99.1
"2019-04-23 08:51:01",,,98.4,,,,98.4
"2019-04-23 08:56:22",,,,95.5,,,,95.5
"2019-04-23 08:59:21",97.6,,,,97.6
"2019-04-23 08:59:32",,94.2,,,,94.2
"2019-04-23 09:17:15",96.5,,,,96.5
"2019-04-23 09:17:20",,93.3,,,,93.3
"2019-04-23 09:26:52",,,96.8,,,,96.8
"2019-04-23 09:32:30",,,,94.3,,,,94.3
"2019-04-23 09:35:00",95.4,,,,95.4
"2019-04-23 09:35:25",,90.4,,,,90.4
"2019-04-23 09:52:54",,89.6,,,,89.6
"2019-04-23 09:53:02",94.6,,,,94.6
"2019-04-23 10:02:45",,,96.5,,,,96.5
"2019-04-23 10:08:21",,,,94.2,,,,94.2
"2019-04-23 10:10:37",94.2,,,,94.2
"2019-04-23 10:10:45",,91,,,,91
"2019-04-23 10:28:25",94.6,,,,94.6
"2019-04-23 10:28:39",,89.9,,,,89.9
"2019-04-23 10:38:33",,,96.5,,,,96.5
"2019-04-23 10:44:22",,,,93.7,,,,93.7
"2019-04-23 10:46:16",94.2,,,,94.2
"2019-04-23 10:46:37",,87.6,,,,87.6
"2019-04-23 10:59:58",95.5,,,,95.5
"2019-04-23 11:04:36",,86.8,,,,86.8
"2019-04-23 11:14:18",,,93.4,,,,93.4
"2019-04-23 11:17:48",99.4,,,,99.4
"2019-04-23 11:20:23",,,,93.7,,,,93.7
"2019-04-23 11:22:16",,91.4,,,,91.4
"2019-04-23 11:35:44",99.6,,,,99.6
"2019-04-23 11:40:09",,93.4,,,,93.4
"2019-04-23 11:50:14",,,91.5,,,,91.5
"2019-04-23 11:53:27",100.2,,,,100.2
"2019-04-23 11:56:23",,,,96,,,,96
"2019-04-23 11:58:05",,94.1,,,,94.1
"2019-04-23 12:11:25",100.2,,,,100.2
"2019-04-23 12:16:01",,93,,,,93
"2019-04-23 12:26:05",,,95.4,,,,95.4
"2019-04-23 12:29:02",99.7,,,,99.7
"2019-04-23 12:32:34",,,,97.3,,,,97.3
"2019-04-23 12:33:54",,93.6,,,,93.6
"2019-04-23 12:46:50",100.2,,,,100.2
"2019-04-23 12:51:48",,93.4,,,,93.4
"2019-04-23 13:01:45",,,98.4,,,,98.4
"2019-04-23 13:04:44",99.5,,,,99.5
"2019-04-23 13:08:24",,,,96.6,,,,96.6
"2019-04-23 13:09:52",,93.4,,,,93.4
"2019-04-23 13:22:31",99.4,,,,99.4
"2019-04-23 13:27:33",,93.4,,,,93.4
"2019-04-23 13:37:33",,,97.5,,,,97.5
"2019-04-23 13:40:51",99.1,,,,99.1
"2019-04-23 13:44:23",,,,96.5,,,,96.5
"2019-04-23 13:45:29",,92.2,,,,92.2
"2019-04-23 13:58:08",98.8,,,,98.8
"2019-04-23 14:03:24",,92.1,,,,92.1
"2019-04-23 14:13:21",,,98,,,,98
"2019-04-23 14:15:55",99.3,,,,99.3
"2019-04-23 14:20:27",,,,96.7,,,,96.7
"2019-04-23 14:21:23",,91.7,,,,91.7
"2019-04-23 14:33:42",99.4,,,,99.4
"2019-04-23 14:39:08",,92,,,,92
"2019-04-23 14:49:10",,,97.6,,,,97.6
"2019-04-23 14:51:33",99.9,,,,99.9
"2019-04-23 14:56:28",,,,96.5,,,,96.5
"2019-04-23 14:57:01",,92.9,,,,92.9
"2019-04-23 15:09:23",100.2,,,,100.2
"2019-04-23 15:14:59",,93.8,,,,93.8
"2019-04-23 15:24:56",,,99.1,,,,99.1
"2019-04-23 15:27:15",100,,,,100
"2019-04-23 15:32:31",,,,97.7,,,,97.7
"2019-04-23 15:32:46",,93.1,,,,93.1
"2019-04-23 15:45:00",100.4,,,,100.4
"2019-04-23 15:50:38",,93.7,,,,93.7
"2019-04-23 16:00:53",,,99.9,,,,99.9
"2019-04-23 16:02:50",100.7,,,,100.7
"2019-04-23 16:08:32",,,,97.4,,,,97.4
"2019-04-23 16:08:40",,95.3,,,,95.3
"2019-04-23 16:20:40",100.1,,,,100.1
"2019-04-23 16:26:28",,94.5,,,,94.5
"2019-04-23 16:36:36",,,100.7,,,,100.7
"2019-04-23 16:38:24",99.4,,,,99.4
"2019-04-23 16:44:24",,93.7,,,,93.7
"2019-04-23 16:44:32",,,,97.2,,,,97.2
"2019-04-23 16:56:18",99.1,,,,99.1
"2019-04-23 17:02:18",,92.8,,,,92.8
"2019-04-23 17:12:24",,,99.4,,,,99.4
"2019-04-23 17:14:02",98.9,,,,98.9
"2019-04-23 17:20:11",,92,,,,92
"2019-04-23 17:20:31",,,,96.7,,,,96.7
"2019-04-23 17:31:52",98.9,,,,98.9
"2019-04-23 17:38:05",,91.3,,,,91.3
"2019-04-23 17:48:12",,,97.9,,,,97.9
"2019-04-23 17:49:42",99.3,,,,99.3
"2019-04-23 17:56:02",,91.9,,,,91.9
"2019-04-23 17:56:32",,,,96.4,,,,96.4
"2019-04-23 18:07:41",100.4,,,,100.4
"2019-04-23 18:14:01",,93.5,,,,93.5
"2019-04-23 18:23:59",,,97.1,,,,97.1
"2019-04-23 18:25:20",100.4,,,,100.4
"2019-04-23 18:31:47",,93.6,,,,93.6
"2019-04-23 18:32:33",,,,96.7,,,,96.7
"2019-04-23 18:43:09",99.6,,,,99.6
"2019-04-23 18:49:43",,92.5,,,,92.5
"2019-04-23 18:59:48",,,97.3,,,,97.3
"2019-04-23 19:00:57",98.8,,,,98.8
"2019-04-23 19:07:35",,92.2,,,,92.2
"2019-04-23 19:08:33",,,,96.7,,,,96.7
"2019-04-23 19:18:46",99,,,,99
"2019-04-23 19:25:29",,92.4,,,,92.4
"2019-04-23 19:35:37",,,98.9,,,,98.9
"2019-04-23 19:36:37",99.6,,,,99.6
"2019-04-23 19:43:23",,94.3,,,,94.3
"2019-04-23 19:44:39",,,,96.2,,,,96.2
"2019-04-23 19:54:28",98.9,,,,98.9
"2019-04-23 20:01:19",,94.7,,,,94.7
"2019-04-23 20:09:55",,,98.6,,,,98.6
"2019-04-23 20:12:16",97.6,,,,97.6
"2019-04-23 20:19:17",,92.7,,,,92.7
"2019-04-23 20:20:31",,,,97.1,,,,97.1
"2019-04-23 20:30:05",96.4,,,,96.4
"2019-04-23 20:37:14",,92.1,,,,92.1
"2019-04-23 20:45:46",,,99.1,,,,99.1
"2019-04-23 20:48:03",97,,,,97
"2019-04-23 20:55:24",,92.1,,,,92.1
"2019-04-23 20:56:30",,,,95.4,,,,95.4
"2019-04-23 21:05:42",98.9,,,,98.9
"2019-04-23 21:12:56",,91.9,,,,91.9
"2019-04-23 21:21:36",,,98.9,,,,98.9
"2019-04-23 21:23:30",97.9,,,,97.9
"2019-04-23 21:30:55",,93.2,,,,93.2
"2019-04-23 21:32:29",,,,94,,,,94
"2019-04-23 21:41:19",96.6,,,,96.6
"2019-04-23 21:48:45",,90.9,,,,90.9
"2019-04-23 21:57:22",,,95.9,,,,95.9
"2019-04-23 21:59:07",95.5,,,,95.5
"2019-04-23 22:06:39",,88.8,,,,88.8
"2019-04-23 22:08:30",,,,93.3,,,,93.3
"2019-04-23 22:16:56",94.9,,,,94.9
"2019-04-23 22:24:32",,89.7,,,,89.7
"2019-04-23 22:33:11",,,95.3,,,,95.3
"2019-04-23 22:34:48",95.2,,,,95.2
"2019-04-23 22:42:25",,89.9,,,,89.9
"2019-04-23 22:44:32",,,,93.5,,,,93.5
"2019-04-23 22:52:31",95.3,,,,95.3
"2019-04-23 23:00:19",,88.7,,,,88.7
"2019-04-23 23:09:00",,,95,,,,95
"2019-04-23 23:10:20",95.3,,,,95.3
"2019-04-23 23:18:19",,88.7,,,,88.7
"2019-04-23 23:20:36",,,,92.7,,,,92.7
"2019-04-23 23:28:14",96.4,,,,96.4
"2019-04-23 23:36:09",,89.6,,,,89.6
"2019-04-23 23:44:50",,,93.4,,,,93.4
"2019-04-23 23:45:58",96.7,,,,96.7
"2019-04-23 23:54:03",,89.1,,,,89.1
"2019-04-23 23:56:24",,,,94.1,,,,94.1
"2019-04-24 00:03:47",96.3,,,,96.3
"2019-04-24 00:11:59",,87.7,,,,87.7
"2019-04-24 00:20:35",,,93.5,,,,93.5
"2019-04-24 00:21:35",96.2,,,,96.2
"2019-04-24 00:29:55",,88.4,,,,88.4
"2019-04-24 00:32:24",,,,95.6,,,,95.6
"2019-04-24 00:39:24",98.1,,,,98.1
"2019-04-24 00:47:59",,89.9,,,,89.9
"2019-04-24 00:56:26",,,97.3,,,,97.3
"2019-04-24 00:57:12",99,,,,99
"2019-04-24 01:05:47",,92.3,,,,92.3
"2019-04-24 01:08:25",,,,95.1,,,,95.1
"2019-04-24 01:15:06",99.2,,,,99.2
"2019-04-24 01:23:39",,93.6,,,,93.6
"2019-04-24 01:32:08",,,95.2,,,,95.2
"2019-04-24 01:32:54",98.6,,,,98.6
"2019-04-24 01:41:31",,91.6,,,,91.6
"2019-04-24 01:44:32",,,,95.2,,,,95.2
"2019-04-24 01:50:51",97.5,,,,97.5
"2019-04-24 01:59:23",,90.6,,,,90.6
"2019-04-24 02:08:02",,,93.3,,,,93.3
"2019-04-24 02:08:32",96.7,,,,96.7
"2019-04-24 02:17:27",,90.2,,,,90.2
"2019-04-24 02:20:29",,,,95.5,,,,95.5
"2019-04-24 02:26:20",96.5,,,,96.5
"2019-04-24 02:35:13",,88.3,,,,88.3
"2019-04-24 02:43:46",,,96.3,,,,96.3
"2019-04-24 02:44:14",96,,,,96
"2019-04-24 02:53:08",,86.9,,,,86.9
"2019-04-24 02:56:29",,,,96.6,,,,96.6
"2019-04-24 03:01:58",95.9,,,,95.9
"2019-04-24 03:11:02",,87.1,,,,87.1
"2019-04-24 03:19:36",,,97.9,,,,97.9
"2019-04-24 03:19:51",98.1,,,,98.1
"2019-04-24 03:28:59",,90.2,,,,90.2
"2019-04-24 03:32:31",,,,96.1,,,,96.1
"2019-04-24 03:37:39",99.7,,,,99.7
"2019-04-24 03:46:52",,94.1,,,,94.1
"2019-04-24 03:55:17",,,96.3,,,,96.3
"2019-04-24 03:55:24",98.8,,,,98.8
"2019-04-24 04:04:45",,92.8,,,,92.8
"2019-04-24 04:08:38",,,,96.3,,,,96.3
"2019-04-24 04:13:11",97.1,,,,97.1
"2019-04-24 04:22:45",,89.5,,,,89.5
"2019-04-24 04:31:01",96,,,,96
"2019-04-24 04:31:09",,,97,,,,97
"2019-04-24 04:40:33",,88.3,,,,88.3
"2019-04-24 04:44:33",,,,96.1,,,,96.1
"2019-04-24 04:48:48",95.4,,,,95.4
"2019-04-24 04:58:28",,89.8,,,,89.8
"2019-04-24 05:06:35",96.8,,,,96.8
"2019-04-24 05:06:52",,,98.3,,,,98.3
"2019-04-24 05:16:23",,88.7,,,,88.7
"2019-04-24 05:20:33",,,,96.3,,,,96.3
"2019-04-24 05:24:26",98,,,,98
"2019-04-24 05:34:17",,89.5,,,,89.5
"2019-04-24 05:42:24",99.5,,,,99.5
"2019-04-24 05:42:41",,,98.1,,,,98.1
"2019-04-24 05:52:13",,92.5,,,,92.5
"2019-04-24 05:56:36",,,,96.5,,,,96.5
"2019-04-24 06:00:03",100.6,,,,100.6
"2019-04-24 06:10:06",,94.6,,,,94.6
"2019-04-24 06:17:49",101.2,,,,101.2
"2019-04-24 06:18:35",,,98.3,,,,98.3
"2019-04-24 06:28:00",,94.6,,,,94.6
"2019-04-24 06:32:34",,,,97.1,,,,97.1
"2019-04-24 06:35:38",99.5,,,,99.5
"2019-04-24 06:45:58",,94.4,,,,94.4
"2019-04-24 06:52:46",99.5,,,,99.5
"2019-04-24 06:54:21",,,99.5,,,,99.5
"2019-04-24 07:01:38",,94.5,,,,94.5
"2019-04-24 07:08:36",,,,96,,,,96
"2019-04-24 07:10:34",98.6,,,,98.6
"2019-04-24 07:19:34",,95.1,,,,95.1
"2019-04-24 07:28:22",98.7,,,,98.7
"2019-04-24 07:29:15",,,98.1,,,,98.1
"2019-04-24 07:37:29",,95,,,,95
"2019-04-24 07:44:35",,,,96.5,,,,96.5
"2019-04-24 07:46:09",98.3,,,,98.3
"2019-04-24 07:55:23",,94.9,,,,94.9
"2019-04-24 08:04:00",97.3,,,,97.3
"2019-04-24 08:05:02",,,97.8,,,,97.8
"2019-04-24 08:13:17",,94.7,,,,94.7
"2019-04-24 08:20:35",,,,95.4,,,,95.4
"2019-04-24 08:21:47",96.6,,,,96.6
"2019-04-24 08:31:10",,93.7,,,,93.7
"2019-04-24 08:38:39",,,99.9,,,,99.9
"2019-04-24 08:39:35",96.5,,,,96.5
"2019-04-24 08:49:04",,92.6,,,,92.6
"2019-04-24 08:56:39",,,,94.4,,,,94.4
"2019-04-24 08:57:24",96.2,,,,96.2
"2019-04-24 09:07:02",,91.6,,,,91.6
"2019-04-24 09:14:31",,,97.2,,,,97.2
"2019-04-24 09:15:09",96.2,,,,96.2
"2019-04-24 09:24:55",,91.5,,,,91.5
"2019-04-24 09:30:51",,,,94.4,,,,94.4
"2019-04-24 09:32:57",96,,,,96
"2019-04-24 09:42:50",,89.3,,,,89.3
"2019-04-24 09:43:56",96.8,,,,96.8
"2019-04-24 09:50:19",,,95.7,,,,95.7
"2019-04-24 10:00:46",,87.6,,,,87.6
"2019-04-24 10:00:56",100.6,,,,100.6
"2019-04-24 10:06:56",,,,97.1,,,,97.1
"2019-04-24 10:18:19",,91.6,,,,91.6
"2019-04-24 10:18:46",100.3,,,,100.3
"2019-04-24 10:26:08",,,97.8,,,,97.8
"2019-04-24 10:36:04",,94.3,,,,94.3
"2019-04-24 10:36:35",99.5,,,,99.5
"2019-04-24 10:42:51",,,,96.3,,,,96.3
"2019-04-24 10:54:00",,92.3,,,,92.3
"2019-04-24 10:54:23",98.1,,,,98.1
"2019-04-24 11:01:57",,,98.1,,,,98.1
"2019-04-24 11:11:56",,92.4,,,,92.4
"2019-04-24 11:12:15",96.8,,,,96.8
"2019-04-24 11:18:52",,,,96.6,,,,96.6
"2019-04-24 11:29:50",,93,,,,93
"2019-04-24 11:30:01",96.4,,,,96.4
"2019-04-24 11:37:45",,,99.6,,,,99.6
"2019-04-24 11:47:12",97.1,,,,97.1
"2019-04-24 11:47:46",,91.9,,,,91.9
"2019-04-24 11:54:53",,,,96.3,,,,96.3
"2019-04-24 12:04:57",99,,,,99
"2019-04-24 12:05:45",,93.4,,,,93.4
"2019-04-24 12:13:30",,,98.3,,,,98.3
"2019-04-24 12:22:48",97.9,,,,97.9
"2019-04-24 12:23:57",,92.4,,,,92.4
"2019-04-24 12:30:53",,,,97.3,,,,97.3
"2019-04-24 12:40:33",96.9,,,,96.9
"2019-04-24 12:41:35",,91.8,,,,91.8
"2019-04-24 12:49:21",,,99.1,,,,99.1
"2019-04-24 12:58:20",97.1,,,,97.1
"2019-04-24 12:59:23",,92.1,,,,92.1
"2019-04-24 13:06:53",,,,97.3,,,,97.3
"2019-04-24 13:14:11",99.6,,,,99.6
"2019-04-24 13:17:18",,92.2,,,,92.2
"2019-04-24 13:25:03",,,99.6,,,,99.6
"2019-04-24 13:32:01",101.3,,,,101.3
"2019-04-24 13:32:57",,92.8,,,,92.8
"2019-04-24 13:42:56",,,,97.9,,,,97.9
"2019-04-24 13:49:48",100.5,,,,100.5
"2019-04-24 13:49:58",,96,,,,96
"2019-04-24 14:00:56",,,99.8,,,,99.8
"2019-04-24 14:07:39",98.9,,,,98.9
"2019-04-24 14:07:53",,95.4,,,,95.4
"2019-04-24 14:18:57",,,,97.4,,,,97.4
"2019-04-24 14:25:27",98.2,,,,98.2
"2019-04-24 14:25:46",,95.4,,,,95.4
"2019-04-24 14:36:45",,,101,,,,101
"2019-04-24 14:43:17",96.4,,,,96.4
"2019-04-24 14:43:45",,93.1,,,,93.1
"2019-04-24 14:54:58",,,,96.4,,,,96.4
"2019-04-24 15:01:06",95.5,,,,95.5
"2019-04-24 15:01:36",,91.7,,,,91.7
"2019-04-24 15:12:40",,,99.1,,,,99.1
"2019-04-24 15:18:12",96.3,,,,96.3
"2019-04-24 15:19:35",,90.8,,,,90.8
"2019-04-24 15:30:57",,,,97.6,,,,97.6
"2019-04-24 15:35:54",99.5,,,,99.5
"2019-04-24 15:37:25",,92.6,,,,92.6
"2019-04-24 15:48:32",,,99.6,,,,99.6
"2019-04-24 15:53:46",98.9,,,,98.9
"2019-04-24 15:55:21",,94.1,,,,94.1
"2019-04-24 16:06:55",,,,97.1,,,,97.1
"2019-04-24 16:11:35",98.6,,,,98.6
"2019-04-24 16:13:17",,93.5,,,,93.5
"2019-04-24 16:24:15",,,99.7,,,,99.7
"2019-04-24 16:29:23",97.4,,,,97.4
"2019-04-24 16:31:12",,92.3,,,,92.3
"2019-04-24 16:42:57",,,,96.6,,,,96.6
"2019-04-24 16:47:11",96.6,,,,96.6
"2019-04-24 16:49:07",,91.5,,,,91.5
"2019-04-24 17:00:06",,,98.3,,,,98.3
"2019-04-24 17:03:27",98.9,,,,98.9
"2019-04-24 17:06:26",,93,,,,93
"2019-04-24 17:18:59",,,,96.4,,,,96.4
"2019-04-24 17:21:17",98.2,,,,98.2
"2019-04-24 17:24:22",,93.8,,,,93.8
"2019-04-24 17:35:54",,,97.1,,,,97.1
"2019-04-24 17:39:06",97,,,,97
"2019-04-24 17:42:14",,91.7,,,,91.7
"2019-04-24 17:54:59",,,,97.7,,,,97.7
"2019-04-24 17:56:57",96,,,,96
"2019-04-24 18:00:12",,90.8,,,,90.8
"2019-04-24 18:11:32",,,98.6,,,,98.6
"2019-04-24 18:14:41",96.1,,,,96.1
"2019-04-24 18:18:09",,90.9,,,,90.9
"2019-04-24 18:31:02",,,,96.2,,,,96.2
"2019-04-24 18:32:33",96.7,,,,96.7
"2019-04-24 18:36:05",,90,,,,90
"2019-04-24 18:47:22",,,98.2,,,,98.2
"2019-04-24 18:50:33",97,,,,97
"2019-04-24 18:53:58",,89.8,,,,89.8
"2019-04-24 19:07:06",,,,96,,,,96
"2019-04-24 19:08:19",97.5,,,,97.5
"2019-04-24 19:11:53",,91.6,,,,91.6
"2019-04-24 19:23:07",,,97.4,,,,97.4
"2019-04-24 19:26:09",96.6,,,,96.6
"2019-04-24 19:29:47",,93.2,,,,93.2
"2019-04-24 19:43:07",,,,95.8,,,,95.8
"2019-04-24 19:43:48",96.1,,,,96.1
"2019-04-24 19:47:45",,91.7,,,,91.7
"2019-04-24 19:58:55",,,98.5,,,,98.5
"2019-04-24 20:01:38",95.2,,,,95.2
"2019-04-24 20:05:35",,89.9,,,,89.9
"2019-04-24 20:19:09",,,,96.6,,,,96.6
"2019-04-24 20:19:25",94.6,,,,94.6
"2019-04-24 20:23:35",,89,,,,89
"2019-04-24 20:33:54",,,99,,,,99
"2019-04-24 20:37:13",95.1,,,,95.1
"2019-04-24 20:41:51",,88.2,,,,88.2
"2019-04-24 20:55:04",95.9,,,,95.9
"2019-04-24 20:55:08",,,,96.8,,,,96.8
"2019-04-24 20:59:22",,87.9,,,,87.9
"2019-04-24 21:09:41",,,98.5,,,,98.5
"2019-04-24 21:12:51",98,,,,98
"2019-04-24 21:15:35",,90.6,,,,90.6
"2019-04-24 21:30:40",98.6,,,,98.6
"2019-04-24 21:31:06",,,,95.4,,,,95.4
"2019-04-24 21:33:30",,95.6,,,,95.6
"2019-04-24 21:45:29",,,96.9,,,,96.9
"2019-04-24 21:48:34",96.8,,,,96.8
"2019-04-24 21:51:22",,95.9,,,,95.9
"2019-04-24 22:06:18",95.1,,,,95.1
"2019-04-24 22:07:08",,,,94.7,,,,94.7
"2019-04-24 22:09:17",,93.2,,,,93.2
"2019-04-24 22:21:22",,,97.2,,,,97.2
"2019-04-24 22:24:12",93.9,,,,93.9
"2019-04-24 22:26:25",,90.7,,,,90.7
"2019-04-24 22:41:57",94.3,,,,94.3
"2019-04-24 22:43:09",,,,94.5,,,,94.5
"2019-04-24 22:44:13",,90.7,,,,90.7
"2019-04-24 22:57:05",,,98,,,,98
"2019-04-24 22:59:47",93.4,,,,93.4
"2019-04-24 23:02:08",,87.2,,,,87.2
"2019-04-24 23:17:36",92.9,,,,92.9
"2019-04-24 23:19:06",,,,92.8,,,,92.8
"2019-04-24 23:20:07",,85.4,,,,85.4
"2019-04-24 23:32:55",,,95.3,,,,95.3
"2019-04-24 23:35:26",94.1,,,,94.1
"2019-04-24 23:38:03",,85.6,,,,85.6
"2019-04-24 23:53:17",94.9,,,,94.9
"2019-04-24 23:55:04",,,,93.5,,,,93.5
"2019-04-24 23:55:56",,85.9,,,,85.9
"2019-04-25 00:08:42",,,94,,,,94
"2019-04-25 00:11:15",97.5,,,,97.5
"2019-04-25 00:12:59",,88.1,,,,88.1
"2019-04-25 00:28:57",97.4,,,,97.4
"2019-04-25 00:30:54",,93.1,,,,93.1
"2019-04-25 00:31:36",,,,95.2,,,,95.2
"2019-04-25 00:44:24",,,96.7,,,,96.7
"2019-04-25 00:46:43",95.8,,,,95.8
"2019-04-25 00:48:50",,92.2,,,,92.2
"2019-04-25 01:04:30",94.4,,,,94.4
"2019-04-25 01:06:45",,88.8,,,,88.8
"2019-04-25 01:07:06",,,,93.8,,,,93.8
"2019-04-25 01:20:12",,,95.9,,,,95.9
"2019-04-25 01:22:21",93.4,,,,93.4
"2019-04-25 01:24:39",,87.3,,,,87.3
"2019-04-25 01:36:55",93.1,,,,93.1
"2019-04-25 01:42:39",,88.3,,,,88.3
"2019-04-25 01:43:05",,,,92.7,,,,92.7
"2019-04-25 01:53:43",97,,,,97
"2019-04-25 01:55:58",,,93.9,,,,93.9
"2019-04-25 02:00:40",,89.5,,,,89.5
"2019-04-25 02:11:32",98.3,,,,98.3
"2019-04-25 02:18:25",,92.2,,,,92.2
"2019-04-25 02:19:06",,,,94.7,,,,94.7
"2019-04-25 02:29:27",98,,,,98
"2019-04-25 02:31:50",,,92.9,,,,92.9
"2019-04-25 02:36:22",,91.9,,,,91.9
"2019-04-25 02:47:12",96.4,,,,96.4
"2019-04-25 02:54:18",,88.7,,,,88.7
"2019-04-25 02:55:06",,,,95.4,,,,95.4
"2019-04-25 03:05:02",95.3,,,,95.3
"2019-04-25 03:07:35",,,96.5,,,,96.5
"2019-04-25 03:12:03",,90,,,,90
"2019-04-25 03:22:51",95.5,,,,95.5
"2019-04-25 03:29:59",,89.8,,,,89.8
"2019-04-25 03:31:06",,,,94.7,,,,94.7
"2019-04-25 03:40:47",95.8,,,,95.8
"2019-04-25 03:43:22",,,97,,,,97
"2019-04-25 03:47:54",,87.6,,,,87.6
"2019-04-25 03:58:34",95.2,,,,95.2
"2019-04-25 04:05:50",,86.1,,,,86.1
"2019-04-25 04:07:06",,,,94.7,,,,94.7
"2019-04-25 04:09:43",97.6,,,,97.6
"2019-04-25 04:19:09",,,96.1,,,,96.1
"2019-04-25 04:23:45",,85.4,,,,85.4
"2019-04-25 04:27:32",100.1,,,,100.1
"2019-04-25 04:41:31",,88.9,,,,88.9
"2019-04-25 04:43:09",,,,96.6,,,,96.6
"2019-04-25 04:45:21",99.8,,,,99.8
"2019-04-25 04:54:56",,,96.1,,,,96.1
"2019-04-25 04:59:31",,92.3,,,,92.3
"2019-04-25 05:03:10",98.6,,,,98.6
"2019-04-25 05:17:21",,94.6,,,,94.6
"2019-04-25 05:19:11",,,,95.4,,,,95.4
"2019-04-25 05:20:57",97.3,,,,97.3
"2019-04-25 05:30:45",,,99,,,,99
"2019-04-25 05:35:17",,94,,,,94
"2019-04-25 05:38:47",95.7,,,,95.7
"2019-04-25 05:53:12",,92.9,,,,92.9
"2019-04-25 05:55:12",,,,93.9,,,,93.9
"2019-04-25 05:55:28",95,,,,95
"2019-04-25 06:06:32",,,97.6,,,,97.6
"2019-04-25 06:09:43",,90.7,,,,90.7
"2019-04-25 06:10:57",98.1,,,,98.1
"2019-04-25 06:27:43",,92.4,,,,92.4
"2019-04-25 06:28:48",97.8,,,,97.8
"2019-04-25 06:31:12",,,,95.2,,,,95.2
"2019-04-25 06:42:19",,,96.2,,,,96.2
"2019-04-25 06:45:36",,94,,,,94
"2019-04-25 06:46:36",97.3,,,,97.3
"2019-04-25 07:03:00",99.4,,,,99.4
"2019-04-25 07:03:27",,93.9,,,,93.9
"2019-04-25 07:07:09",,,,95.1,,,,95.1
"2019-04-25 07:18:06",,,97.1,,,,97.1
"2019-04-25 07:20:49",100.8,,,,100.8
"2019-04-25 07:21:23",,94.6,,,,94.6
"2019-04-25 07:38:41",98.5,,,,98.5
"2019-04-25 07:39:19",,95,,,,95
"2019-04-25 07:43:05",,,,96.4,,,,96.4
"2019-04-25 07:52:32",,,96.3,,,,96.3
"2019-04-25 07:56:30",98.7,,,,98.7
"2019-04-25 07:57:15",,93.9,,,,93.9
"2019-04-25 08:14:15",,94.6,,,,94.6
"2019-04-25 08:14:17",97.9,,,,97.9
"2019-04-25 08:19:07",,,,95.7,,,,95.7
"2019-04-25 08:27:37",,,98.4,,,,98.4
"2019-04-25 08:32:05",97.6,,,,97.6
"2019-04-25 08:32:12",,93.5,,,,93.5
"2019-04-25 08:49:55",96.3,,,,96.3
"2019-04-25 08:50:04",,94.3,,,,94.3
"2019-04-25 08:55:05",,,,95.1,,,,95.1
"2019-04-25 09:00:16",,,97.7,,,,97.7
"2019-04-25 09:07:46",95.2,,,,95.2
"2019-04-25 09:08:08",,92.2,,,,92.2
"2019-04-25 09:24:18",95,,,,95
"2019-04-25 09:25:53",,90.8,,,,90.8
"2019-04-25 09:31:05",,,,95,,,,95
"2019-04-25 09:36:05",,,97.7,,,,97.7
"2019-04-25 09:42:08",96.1,,,,96.1
"2019-04-25 09:43:57",,92.6,,,,92.6
"2019-04-25 10:00:01",92,,,,92
"2019-04-25 10:01:43",,94.2,,,,94.2
"2019-04-25 10:07:10",,,,90.6,,,,90.6
"2019-04-25 10:11:57",,,98,,,,98
"2019-04-25 10:17:52",89.2,,,,89.2
"2019-04-25 10:19:39",,93.2,,,,93.2
"2019-04-25 10:35:37",88.2,,,,88.2
"2019-04-25 10:37:39",,89.9,,,,89.9
"2019-04-25 10:42:08",,,,90.2,,,,90.2
"2019-04-25 10:47:47",,,95.2,,,,95.2
"2019-04-25 10:53:28",87.4,,,,87.4
"2019-04-25 10:55:25",,86.6,,,,86.6
"2019-04-25 11:03:12",88.9,,,,88.9
"2019-04-25 11:07:29",95.7,,,,95.7
"2019-04-25 11:11:21",,85.9,,,,85.9
"2019-04-25 11:16:54",,,,93.6,,,,93.6
"2019-04-25 11:23:36",,,95,,,,95
"2019-04-25 11:24:52",100,,,,100
"2019-04-25 11:26:13",,90.2,,,,90.2
"2019-04-25 11:42:38",98.5,,,,98.5
"2019-04-25 11:43:42",,94.7,,,,94.7
"2019-04-25 11:53:06",,,,96.1,,,,96.1
"2019-04-25 11:59:30",,,97.4,,,,97.4
"2019-04-25 12:00:29",97.5,,,,97.5
"2019-04-25 12:01:35",,93.9,,,,93.9
"2019-04-25 12:18:18",96.9,,,,96.9
"2019-04-25 12:19:28",,94.2,,,,94.2
"2019-04-25 12:28:57",,,,96.4,,,,96.4
"2019-04-25 12:33:50",,,99.8,,,,99.8
"2019-04-25 12:36:06",96.6,,,,96.6
"2019-04-25 12:37:22",,91.8,,,,91.8
"2019-04-25 12:53:38",97.5,,,,97.5
"2019-04-25 12:55:22",,90.8,,,,90.8
"2019-04-25 13:05:00",,,,96.2,,,,96.2
"2019-04-25 13:09:26",,,97.9,,,,97.9
"2019-04-25 13:11:27",98.6,,,,98.6
"2019-04-25 13:13:15",,93.1,,,,93.1
"2019-04-25 13:29:17",97.8,,,,97.8
"2019-04-25 13:31:09",,93.9,,,,93.9
"2019-04-25 13:41:02",,,,96.3,,,,96.3
"2019-04-25 13:45:23",,,98.1,,,,98.1
"2019-04-25 13:47:12",96.8,,,,96.8
"2019-04-25 13:49:02",,91.5,,,,91.5
"2019-04-25 14:04:56",95.7,,,,95.7
"2019-04-25 14:06:58",,90.9,,,,90.9
"2019-04-25 14:17:03",,,,96.2,,,,96.2
"2019-04-25 14:21:04",,,98.8,,,,98.8
"2019-04-25 14:22:44",96.1,,,,96.1
"2019-04-25 14:24:51",,90.9,,,,90.9
"2019-04-25 14:39:03",98.6,,,,98.6
"2019-04-25 14:42:46",,89.7,,,,89.7
"2019-04-25 14:53:03",,,,96.6,,,,96.6
"2019-04-25 14:56:51",100.9,,,,100.9
"2019-04-25 14:56:55",,,98.1,,,,98.1
"2019-04-25 15:00:15",,92.4,,,,92.4
"2019-04-25 15:14:40",99.9,,,,99.9
"2019-04-25 15:18:08",,94,,,,94
"2019-04-25 15:29:01",,,,96.9,,,,96.9
"2019-04-25 15:32:28",98.2,,,,98.2
"2019-04-25 15:32:46",,,97.1,,,,97.1
"2019-04-25 15:33:47",,91.5,,,,91.5
"2019-04-25 15:50:17",97.1,,,,97.1
"2019-04-25 15:51:03",,93.3,,,,93.3
"2019-04-25 16:04:59",,,,96.9,,,,96.9
"2019-04-25 16:08:03",98.8,,,,98.8
"2019-04-25 16:08:35",,,99.7,,,,99.7
"2019-04-25 16:08:56",,94.1,,,,94.1
"2019-04-25 16:25:53",101.2,,,,101.2
"2019-04-25 16:26:53",,93.8,,,,93.8
"2019-04-25 16:41:00",,,,96.8,,,,96.8
"2019-04-25 16:43:42",100.5,,,,100.5
"2019-04-25 16:44:25",,,97.9,,,,97.9
"2019-04-25 16:44:48",,94.9,,,,94.9
"2019-04-25 17:01:32",98.7,,,,98.7
"2019-04-25 17:02:44",,93.3,,,,93.3
"2019-04-25 17:17:02",,,,96.9,,,,96.9
"2019-04-25 17:19:22",97,,,,97
"2019-04-25 17:20:14",,,97.9,,,,97.9
"2019-04-25 17:20:43",,90.6,,,,90.6
"2019-04-25 17:37:11",95.8,,,,95.8
"2019-04-25 17:38:35",,89.6,,,,89.6
"2019-04-25 17:52:43",,,,96.5,,,,96.5
"2019-04-25 17:55:00",94.6,,,,94.6
"2019-04-25 17:56:07",,,99.9,,,,99.9
"2019-04-25 17:56:32",,88.3,,,,88.3
"2019-04-25 18:12:52",93.6,,,,93.6
"2019-04-25 18:14:27",,87.2,,,,87.2
"2019-04-25 18:28:44",,,,96.3,,,,96.3
"2019-04-25 18:30:45",94.7,,,,94.7
"2019-04-25 18:31:53",,,100.5,,,,100.5
"2019-04-25 18:32:04",,89.2,,,,89.2
"2019-04-25 18:48:30",96.8,,,,96.8
"2019-04-25 18:50:03",,87.8,,,,87.8
"2019-04-25 19:04:46",,,,95.8,,,,95.8
"2019-04-25 19:06:17",98.1,,,,98.1
"2019-04-25 19:07:54",,89.5,,,,89.5
"2019-04-25 19:08:00",,,98.6,,,,98.6
"2019-04-25 19:24:02",99.1,,,,99.1
"2019-04-25 19:25:49",,93.7,,,,93.7
"2019-04-25 19:40:46",,,,95.9,,,,95.9
"2019-04-25 19:41:58",97.9,,,,97.9
"2019-04-25 19:43:32",,,96,,,,96
"2019-04-25 19:43:43",,93,,,,93
"2019-04-25 19:59:43",96.6,,,,96.6
"2019-04-25 20:01:36",,89.9,,,,89.9
"2019-04-25 20:16:50",,,,96.1,,,,96.1
"2019-04-25 20:17:38",96.3,,,,96.3
"2019-04-25 20:19:21",,,98.2,,,,98.2
"2019-04-25 20:19:26",,91.6,,,,91.6
"2019-04-25 20:35:18",98.4,,,,98.4
"2019-04-25 20:37:22",,93.4,,,,93.4
"2019-04-25 20:52:55",,,,95.1,,,,95.1
"2019-04-25 20:53:13",97.6,,,,97.6
"2019-04-25 20:55:10",,,98.5,,,,98.5
"2019-04-25 20:55:17",,95,,,,95
"2019-04-25 21:10:58",95.8,,,,95.8
"2019-04-25 21:13:16",,93.4,,,,93.4
"2019-04-25 21:28:45",94.8,,,,94.8
"2019-04-25 21:28:49",,,,94.4,,,,94.4
"2019-04-25 21:31:01",,,97.3,,,,97.3
"2019-04-25 21:31:14",,92.1,,,,92.1
"2019-04-25 21:46:36",94.3,,,,94.3
"2019-04-25 21:49:08",,90.7,,,,90.7
"2019-04-25 22:04:25",94,,,,94
"2019-04-25 22:04:51",,,,94.4,,,,94.4
"2019-04-25 22:06:41",,,97.7,,,,97.7
"2019-04-25 22:07:08",,89.7,,,,89.7
"2019-04-25 22:22:14",94.7,,,,94.7
"2019-04-25 22:24:51",,89.6,,,,89.6
"2019-04-25 22:40:06",95.7,,,,95.7
"2019-04-25 22:40:52",,,,94.5,,,,94.5
"2019-04-25 22:42:35",,,98.1,,,,98.1
"2019-04-25 22:42:57",,89.7,,,,89.7
"2019-04-25 22:57:57",98.1,,,,98.1
"2019-04-25 23:00:44",,92.7,,,,92.7
"2019-04-25 23:15:49",98.3,,,,98.3
"2019-04-25 23:16:56",,,,95.4,,,,95.4
"2019-04-25 23:18:17",,,96,,,,96
"2019-04-25 23:18:36",,94,,,,94
"2019-04-25 23:33:44",97.4,,,,97.4
"2019-04-25 23:36:32",,93.4,,,,93.4
"2019-04-25 23:51:23",96.1,,,,96.1
"2019-04-25 23:52:53",,,,95.6,,,,95.6
"2019-04-25 23:54:06",,,96.1,,,,96.1
"2019-04-25 23:54:27",,91.7,,,,91.7
"2019-04-26 00:09:13",96,,,,96
"2019-04-26 00:12:23",,92,,,,92
"2019-04-26 00:27:04",96.5,,,,96.5
"2019-04-26 00:28:54",,,,95.5,,,,95.5
"2019-04-26 00:29:54",,,98.6,,,,98.6
"2019-04-26 00:30:22",,89.6,,,,89.6
"2019-04-26 00:44:52",95.7,,,,95.7
"2019-04-26 00:48:13",,87,,,,87
"2019-04-26 01:02:41",94.8,,,,94.8
"2019-04-26 01:04:54",,,,95.7,,,,95.7
"2019-04-26 01:05:45",,,98,,,,98
"2019-04-26 01:06:10",,86.3,,,,86.3
"2019-04-26 01:20:32",95.4,,,,95.4
"2019-04-26 01:24:11",,88,,,,88
"2019-04-26 01:38:24",96.9,,,,96.9
"2019-04-26 01:40:57",,,,94.8,,,,94.8
"2019-04-26 01:41:33",,,97.6,,,,97.6
"2019-04-26 01:42:03",,90.9,,,,90.9
"2019-04-26 01:54:49",99.8,,,,99.8
"2019-04-26 01:59:51",,92.7,,,,92.7
"2019-04-26 02:12:35",99.4,,,,99.4
"2019-04-26 02:16:55",,,,95.1,,,,95.1
"2019-04-26 02:17:19",,,95.5,,,,95.5
"2019-04-26 02:17:46",,94.8,,,,94.8
"2019-04-26 02:30:24",97.8,,,,97.8
"2019-04-26 02:35:43",,91.9,,,,91.9
"2019-04-26 02:48:13",96.5,,,,96.5
"2019-04-26 02:52:55",,,,95.1,,,,95.1
"2019-04-26 02:53:08",,,92.5,,,,92.5
"2019-04-26 02:53:36",,88.4,,,,88.4
"2019-04-26 03:06:02",95.3,,,,95.3
"2019-04-26 03:11:30",,86.9,,,,86.9
"2019-04-26 03:23:49",94.1,,,,94.1
"2019-04-26 03:28:54",,,95.4,,,,95.4
"2019-04-26 03:29:02",,,,95.6,,,,95.6
"2019-04-26 03:29:26",,84.7,,,,84.7
"2019-04-26 03:41:37",93,,,,93
"2019-04-26 03:47:22",,82.6,,,,82.6
"2019-04-26 03:59:26",91.8,,,,91.8
"2019-04-26 04:04:41",,,97.7,,,,97.7
"2019-04-26 04:04:58",,,,94.3,,,,94.3
"2019-04-26 04:05:22",,80.7,,,,80.7
"2019-04-26 04:17:13",90.7,,,,90.7
"2019-04-26 04:23:13",,80.3,,,,80.3
"2019-04-26 04:35:00",89.8,,,,89.8
"2019-04-26 04:40:31",,,96.8,,,,96.8
"2019-04-26 04:40:56",,,,94.3,,,,94.3
"2019-04-26 04:41:08",,83.1,,,,83.1
"2019-04-26 04:52:53",88.8,,,,88.8
"2019-04-26 04:59:02",,81.9,,,,81.9
"2019-04-26 05:10:39",88.1,,,,88.1
"2019-04-26 05:16:10",,81,,,,81
"2019-04-26 05:16:24",,,97.4,,,,97.4
"2019-04-26 05:16:59",,,,95.4,,,,95.4
"2019-04-26 05:28:30",89.6,,,,89.6
"2019-04-26 05:34:04",,82.5,,,,82.5
"2019-04-26 05:46:17",93.7,,,,93.7
"2019-04-26 05:52:01",,81.5,,,,81.5
"2019-04-26 05:52:09",,,98.9,,,,98.9
"2019-04-26 05:52:54",,,,96.4,,,,96.4
"2019-04-26 06:04:11",96.7,,,,96.7
"2019-04-26 06:07:22",,84.7,,,,84.7
"2019-04-26 06:21:56",97.5,,,,97.5
"2019-04-26 06:24:23",,89.6,,,,89.6
"2019-04-26 06:27:58",,,97.8,,,,97.8
"2019-04-26 06:28:45",,,,95.8,,,,95.8
"2019-04-26 06:39:47",96.9,,,,96.9
"2019-04-26 06:42:16",,89.4,,,,89.4
"2019-04-26 06:55:50",99.8,,,,99.8
"2019-04-26 07:00:13",,92.3,,,,92.3
"2019-04-26 07:04:00",,,96.9,,,,96.9
"2019-04-26 07:04:44",,,,97.2,,,,97.2
"2019-04-26 07:13:44",100.2,,,,100.2
"2019-04-26 07:18:12",,95.2,,,,95.2
"2019-04-26 07:31:28",98.9,,,,98.9
"2019-04-26 07:36:01",,95.7,,,,95.7
"2019-04-26 07:39:39",,,100.6,,,,100.6
"2019-04-26 07:40:43",,,,97,,,,97
"2019-04-26 07:49:18",98.7,,,,98.7
"2019-04-26 07:53:56",,94.5,,,,94.5
"2019-04-26 08:07:04",99,,,,99
"2019-04-26 08:11:52",,95.2,,,,95.2
"2019-04-26 08:15:26",,,99.3,,,,99.3
"2019-04-26 08:16:52",,,,96.5,,,,96.5
"2019-04-26 08:24:54",98.3,,,,98.3
"2019-04-26 08:29:52",,95.1,,,,95.1
"2019-04-26 08:42:43",98.4,,,,98.4
"2019-04-26 08:46:49",,93.9,,,,93.9
"2019-04-26 08:51:21",,,98.1,,,,98.1
"2019-04-26 08:52:47",,,,95.9,,,,95.9
"2019-04-26 09:00:31",98.1,,,,98.1
"2019-04-26 09:04:45",,92.3,,,,92.3
"2019-04-26 09:18:21",97,,,,97
"2019-04-26 09:22:42",,92,,,,92
"2019-04-26 09:27:07",,,97.4,,,,97.4
"2019-04-26 09:28:47",,,,94.7,,,,94.7
"2019-04-26 09:35:49",96.2,,,,96.2
"2019-04-26 09:40:39",,92.7,,,,92.7
"2019-04-26 09:53:37",98.8,,,,98.8
"2019-04-26 09:58:05",,93.5,,,,93.5
"2019-04-26 10:02:54",,,95.8,,,,95.8
"2019-04-26 10:04:44",,,,95.9,,,,95.9
"2019-04-26 10:11:28",98.1,,,,98.1
"2019-04-26 10:16:02",,93.7,,,,93.7
"2019-04-26 10:29:19",97.7,,,,97.7
"2019-04-26 10:33:56",,93.8,,,,93.8
"2019-04-26 10:38:41",,,97.4,,,,97.4
"2019-04-26 10:40:44",,,,96.9,,,,96.9
"2019-04-26 10:47:03",96.7,,,,96.7
"2019-04-26 10:51:50",,91.5,,,,91.5
"2019-04-26 11:04:53",95.5,,,,95.5
"2019-04-26 11:09:03",,89.9,,,,89.9
"2019-04-26 11:13:52",,,100.3,,,,100.3
"2019-04-26 11:16:44",,,,96.5,,,,96.5
"2019-04-26 11:21:03",98,,,,98
"2019-04-26 11:26:30",,92.2,,,,92.2
"2019-04-26 11:38:55",98.3,,,,98.3
"2019-04-26 11:44:23",,94.2,,,,94.2
"2019-04-26 11:49:07",,,97.7,,,,97.7
"2019-04-26 11:52:45",,,,97,,,,97
"2019-04-26 11:56:42",97,,,,97
"2019-04-26 12:02:16",,94.2,,,,94.2
"2019-04-26 12:13:05",98.8,,,,98.8
"2019-04-26 12:18:14",,92.7,,,,92.7
"2019-04-26 12:24:54",,,95.5,,,,95.5
"2019-04-26 12:28:46",,,,96.4,,,,96.4
"2019-04-26 12:30:53",97.9,,,,97.9
"2019-04-26 12:36:11",,94.2,,,,94.2
"2019-04-26 12:48:42",96.4,,,,96.4
"2019-04-26 12:54:10",,93.7,,,,93.7
"2019-04-26 12:59:59",,,97.9,,,,97.9
"2019-04-26 13:04:50",,,,94.2,,,,94.2
"2019-04-26 13:06:31",94.8,,,,94.8
"2019-04-26 13:11:57",,92.6,,,,92.6
"2019-04-26 13:24:21",94,,,,94
"2019-04-26 13:29:53",,91.2,,,,91.2
"2019-04-26 13:35:47",,,96.2,,,,96.2
"2019-04-26 13:39:22",96.1,,,,96.1
"2019-04-26 13:40:52",,,,94.2,,,,94.2
"2019-04-26 13:47:49",,90.3,,,,90.3
"2019-04-26 13:57:16",97.2,,,,97.2
"2019-04-26 14:05:45",,89.9,,,,89.9
"2019-04-26 14:11:41",,,93.9,,,,93.9
"2019-04-26 14:14:58",97.6,,,,97.6
"2019-04-26 14:16:46",,,,95.9,,,,95.9
"2019-04-26 14:23:39",,90.7,,,,90.7
"2019-04-26 14:32:48",98.2,,,,98.2
"2019-04-26 14:41:34",,91.8,,,,91.8
"2019-04-26 14:47:26",,,95.8,,,,95.8
"2019-04-26 14:50:38",98.4,,,,98.4
"2019-04-26 14:52:49",,,,97.9,,,,97.9
"2019-04-26 14:59:26",,92.1,,,,92.1
"2019-04-26 15:08:28",98.7,,,,98.7
"2019-04-26 15:17:23",,93.4,,,,93.4
"2019-04-26 15:23:20",,,98.3,,,,98.3
"2019-04-26 15:26:18",98.3,,,,98.3
"2019-04-26 15:28:40",,,,96.7,,,,96.7
"2019-04-26 15:35:19",,94.1,,,,94.1
"2019-04-26 15:44:05",97.6,,,,97.6
"2019-04-26 15:53:18",,94.2,,,,94.2
"2019-04-26 15:59:07",,,99.3,,,,99.3
"2019-04-26 16:02:00",97.6,,,,97.6
"2019-04-26 16:04:43",,,,96.9,,,,96.9
"2019-04-26 16:11:08",,93,,,,93
"2019-04-26 16:19:45",96.6,,,,96.6
"2019-04-26 16:29:03",,90.8,,,,90.8
"2019-04-26 16:34:56",,,99.3,,,,99.3
"2019-04-26 16:37:35",95.8,,,,95.8
"2019-04-26 16:40:39",,,,96.6,,,,96.6
"2019-04-26 16:46:57",,91.2,,,,91.2
"2019-04-26 16:55:25",96.7,,,,96.7
"2019-04-26 17:04:52",,90.8,,,,90.8
"2019-04-26 17:10:47",,,99.1,,,,99.1
"2019-04-26 17:13:15",97.1,,,,97.1
"2019-04-26 17:16:40",,,,96.8,,,,96.8
"2019-04-26 17:22:44",,90.3,,,,90.3
"2019-04-26 17:31:04",97.7,,,,97.7
"2019-04-26 17:40:41",,92.5,,,,92.5
"2019-04-26 17:46:36",,,98.4,,,,98.4
"2019-04-26 17:48:51",98.7,,,,98.7
"2019-04-26 17:52:41",,,,96.9,,,,96.9
"2019-04-26 17:58:38",,94.1,,,,94.1
"2019-04-26 18:07:01",97.7,,,,97.7
"2019-04-26 18:16:25",,93.2,,,,93.2
"2019-04-26 18:22:26",,,98.8,,,,98.8
"2019-04-26 18:24:33",96.7,,,,96.7
"2019-04-26 18:28:45",,,,96.3,,,,96.3
"2019-04-26 18:34:20",,92,,,,92
"2019-04-26 18:42:23",96.2,,,,96.2
"2019-04-26 18:52:13",,91.9,,,,91.9
"2019-04-26 18:58:14",,,98.1,,,,98.1
"2019-04-26 19:00:16",96.8,,,,96.8
"2019-04-26 19:04:40",,,,95.7,,,,95.7
"2019-04-26 19:10:18",,91.1,,,,91.1
"2019-04-26 19:17:58",97.1,,,,97.1
"2019-04-26 19:28:02",,91.1,,,,91.1
"2019-04-26 19:33:59",,,97.1,,,,97.1
"2019-04-26 19:35:47",97.6,,,,97.6
"2019-04-26 19:40:43",,,,96.6,,,,96.6
"2019-04-26 19:46:04",,91.3,,,,91.3
"2019-04-26 19:53:41",98.5,,,,98.5
"2019-04-26 20:03:57",,92.9,,,,92.9
"2019-04-26 20:09:51",,,98.8,,,,98.8
"2019-04-26 20:11:26",100.4,,,,100.4
"2019-04-26 20:16:44",,,,97.1,,,,97.1
"2019-04-26 20:21:56",,94,,,,94
"2019-04-26 20:29:17",99.4,,,,99.4
"2019-04-26 20:39:41",,95.1,,,,95.1
"2019-04-26 20:45:36",,,99.5,,,,99.5
"2019-04-26 20:47:05",98.3,,,,98.3
"2019-04-26 20:52:48",,,,96.4,,,,96.4
"2019-04-26 20:57:38",,94.5,,,,94.5
"2019-04-26 21:04:55",97.9,,,,97.9
"2019-04-26 21:14:15",,94.6,,,,94.6
"2019-04-26 21:21:27",,,100,,,,100
"2019-04-26 21:22:44",96.7,,,,96.7
"2019-04-26 21:28:46",,,,95,,,,95
"2019-04-26 21:32:11",,93.9,,,,93.9
"2019-04-26 21:40:34",95.8,,,,95.8
"2019-04-26 21:50:07",,93.3,,,,93.3
"2019-04-26 21:57:11",,,98.7,,,,98.7
"2019-04-26 21:58:24",94.8,,,,94.8
"2019-04-26 22:04:46",,,,93.9,,,,93.9
"2019-04-26 22:08:00",,91.5,,,,91.5
"2019-04-26 22:14:53",94.6,,,,94.6
"2019-04-26 22:25:54",,91.6,,,,91.6
"2019-04-26 22:31:01",99.2,,,,99.2
"2019-04-26 22:33:01",,,96.7,,,,96.7
"2019-04-26 22:40:46",,,,94.4,,,,94.4
"2019-04-26 22:43:48",,90.1,,,,90.1
"2019-04-26 22:48:53",99,,,,99
"2019-04-26 22:52:58",,91.1,,,,91.1
"2019-04-26 23:06:35",97,,,,97
"2019-04-26 23:08:48",,,94.6,,,,94.6
"2019-04-26 23:10:54",,94.4,,,,94.4
"2019-04-26 23:16:46",,,,95,,,,95
"2019-04-26 23:24:24",95.6,,,,95.6
"2019-04-26 23:28:48",,93.4,,,,93.4
"2019-04-26 23:42:12",94.6,,,,94.6
"2019-04-26 23:44:40",,,97.2,,,,97.2
"2019-04-26 23:46:40",,92,,,,92
"2019-04-26 23:52:44",,,,94.1,,,,94.1
"2019-04-27 00:00:03",93.5,,,,93.5
"2019-04-27 00:04:39",,89.4,,,,89.4
"2019-04-27 00:17:49",92.5,,,,92.5
"2019-04-27 00:20:24",,,96.8,,,,96.8
"2019-04-27 00:22:42",,86.8,,,,86.8
"2019-04-27 00:28:48",,,,92.8,,,,92.8
"2019-04-27 00:35:43",91.5,,,,91.5
"2019-04-27 00:40:29",,85.5,,,,85.5
"2019-04-27 00:53:30",90.4,,,,90.4
"2019-04-27 00:56:15",,,94.9,,,,94.9
"2019-04-27 00:58:24",,83.9,,,,83.9
"2019-04-27 01:04:49",,,,92.4,,,,92.4
"2019-04-27 01:11:13",89.8,,,,89.8
"2019-04-27 01:16:20",,82.4,,,,82.4
"2019-04-27 01:29:01",89.4,,,,89.4
"2019-04-27 01:32:04",,,93.9,,,,93.9
"2019-04-27 01:34:13",,81.1,,,,81.1
"2019-04-27 01:40:48",,,,93.5,,,,93.5
"2019-04-27 01:46:54",88.6,,,,88.6
"2019-04-27 01:52:09",,80,,,,80
"2019-04-27 02:04:38",87.9,,,,87.9
"2019-04-27 02:07:55",,,95.8,,,,95.8
"2019-04-27 02:10:03",,79.2,,,,79.2
"2019-04-27 02:16:50",,,,95,,,,95
"2019-04-27 02:22:31",87.3,,,,87.3
"2019-04-27 02:27:59",,78.4,,,,78.4
"2019-04-27 02:40:13",86.5,,,,86.5
"2019-04-27 02:43:41",,,98.8,,,,98.8
"2019-04-27 02:45:53",,77.7,,,,77.7
"2019-04-27 02:52:52",,,,94.3,,,,94.3
"2019-04-27 02:58:07",85.9,,,,85.9
"2019-04-27 03:03:49",,77.1,,,,77.1
"2019-04-27 03:15:51",85.3,,,,85.3
"2019-04-27 03:19:27",,,97.1,,,,97.1
"2019-04-27 03:21:46",,76.8,,,,76.8
"2019-04-27 03:28:51",,,,93.7,,,,93.7
"2019-04-27 03:33:50",84.8,,,,84.8
"2019-04-27 03:39:44",,76.5,,,,76.5
"2019-04-27 03:51:31",84.2,,,,84.2
"2019-04-27 03:55:15",,,96.4,,,,96.4
"2019-04-27 03:57:34",,76.2,,,,76.2
"2019-04-27 04:04:50",,,,94.2,,,,94.2
"2019-04-27 04:09:20",83.6,,,,83.6
"2019-04-27 04:15:27",,75.8,,,,75.8
"2019-04-27 04:27:09",83.1,,,,83.1
"2019-04-27 04:31:07",,,97.4,,,,97.4
"2019-04-27 04:33:25",,75.6,,,,75.6
"2019-04-27 04:40:52",,,,94.6,,,,94.6
"2019-04-27 04:44:57",82.6,,,,82.6
"2019-04-27 04:51:22",,75.4,,,,75.4
"2019-04-27 05:02:48",82.1,,,,82.1
"2019-04-27 05:06:58",,,97.8,,,,97.8
"2019-04-27 05:09:18",,75.2,,,,75.2
"2019-04-27 05:17:01",,,,94.3,,,,94.3
"2019-04-27 05:20:39",81.6,,,,81.6
"2019-04-27 05:27:12",,75.3,,,,75.3
"2019-04-27 05:38:25",81.3,,,,81.3
"2019-04-27 05:42:37",,,97.1,,,,97.1
"2019-04-27 05:45:06",,75.4,,,,75.4
"2019-04-27 05:52:55",,,,94.3,,,,94.3
"2019-04-27 05:56:18",80.9,,,,80.9
"2019-04-27 06:02:59",,75.4,,,,75.4
"2019-04-27 06:14:01",80.5,,,,80.5
"2019-04-27 06:18:30",,,97.7,,,,97.7
"2019-04-27 06:20:53",,75.4,,,,75.4
"2019-04-27 06:28:57",,,,95.2,,,,95.2
"2019-04-27 06:31:53",80.2,,,,80.2
"2019-04-27 06:38:49",,75.6,,,,75.6
"2019-04-27 06:49:41",80.6,,,,80.6
"2019-04-27 06:54:21",,,100.2,,,,100.2
"2019-04-27 06:56:53",,75.8,,,,75.8
"2019-04-27 07:04:57",,,,95,,,,95
"2019-04-27 07:05:17",81.8,,,,81.8
"2019-04-27 07:08:19",87.7,,,,87.7
"2019-04-27 07:14:44",,75.5,,,,75.5
"2019-04-27 07:19:46",94.4,,,,94.4
"2019-04-27 07:30:10",,,98.3,,,,98.3
"2019-04-27 07:32:35",,75,,,,75
"2019-04-27 07:36:54",95.7,,,,95.7
"2019-04-27 07:40:59",,,,94.4,,,,94.4
"2019-04-27 07:45:05",,75.8,,,,75.8
"2019-04-27 07:48:43",,82.2,,,,82.2
"2019-04-27 07:53:46",98.1,,,,98.1
"2019-04-27 08:00:12",,89,,,,89
"2019-04-27 08:05:54",,,95.6,,,,95.6
"2019-04-27 08:11:38",97.6,,,,97.6
"2019-04-27 08:16:58",,,,95.2,,,,95.2
"2019-04-27 08:18:12",,93.5,,,,93.5
"2019-04-27 08:29:29",98.4,,,,98.4
"2019-04-27 08:36:02",,94.8,,,,94.8
"2019-04-27 08:41:42",,,97.5,,,,97.5
"2019-04-27 08:47:14",98.1,,,,98.1
"2019-04-27 08:52:57",,,,95.5,,,,95.5
"2019-04-27 08:53:56",,94.5,,,,94.5
"2019-04-27 09:05:00",98.5,,,,98.5
"2019-04-27 09:09:35",,93.2,,,,93.2
"2019-04-27 09:17:33",,,97.7,,,,97.7
"2019-04-27 09:22:49",97.9,,,,97.9
"2019-04-27 09:27:28",,94.4,,,,94.4
"2019-04-27 09:29:09",,,,96.1,,,,96.1
"2019-04-27 09:40:37",97.9,,,,97.9
"2019-04-27 09:44:41",,93.9,,,,93.9
"2019-04-27 09:53:20",,,98.6,,,,98.6
"2019-04-27 09:58:26",96.7,,,,96.7
"2019-04-27 10:02:41",,94,,,,94
"2019-04-27 10:04:59",,,,95.8,,,,95.8
"2019-04-27 10:16:15",95.9,,,,95.9
"2019-04-27 10:20:27",,91.9,,,,91.9
"2019-04-27 10:29:10",,,98.5,,,,98.5
"2019-04-27 10:34:04",96.5,,,,96.5
"2019-04-27 10:38:22",,91.3,,,,91.3
"2019-04-27 10:41:04",,,,96.3,,,,96.3
"2019-04-27 10:51:54",96.4,,,,96.4
"2019-04-27 10:56:17",,91.6,,,,91.6
"2019-04-27 11:05:00",,,99.2,,,,99.2
"2019-04-27 11:09:43",96.7,,,,96.7
"2019-04-27 11:14:14",,90.3,,,,90.3
"2019-04-27 11:17:04",,,,95.7,,,,95.7
"2019-04-27 11:27:31",96.1,,,,96.1
"2019-04-27 11:32:10",,90,,,,90
"2019-04-27 11:40:47",,,96.9,,,,96.9
"2019-04-27 11:45:19",96.7,,,,96.7
"2019-04-27 11:47:51",,88.8,,,,88.8
"2019-04-27 11:53:03",,,,98.8,,,,98.8
"2019-04-27 12:01:15",97.4,,,,97.4
"2019-04-27 12:05:37",,88.4,,,,88.4
"2019-04-27 12:16:25",,,96.2,,,,96.2
"2019-04-27 12:17:53",101.3,,,,101.3
"2019-04-27 12:23:31",,91,,,,91
"2019-04-27 12:29:00",,,,98.9,,,,98.9
"2019-04-27 12:35:46",100.8,,,,100.8
"2019-04-27 12:41:28",,89.6,,,,89.6
"2019-04-27 12:48:27",,,101.7,,,,101.7
"2019-04-27 12:53:30",98.3,,,,98.3
"2019-04-27 12:54:27",,91.8,,,,91.8
"2019-04-27 13:05:00",,,,96.5,,,,96.5
"2019-04-27 13:11:24",96.3,,,,96.3
"2019-04-27 13:12:16",,94.1,,,,94.1
"2019-04-27 13:24:09",,,102.1,,,,102.1
"2019-04-27 13:28:08",95.7,,,,95.7
"2019-04-27 13:30:11",,93.3,,,,93.3
"2019-04-27 13:41:00",,,,94.4,,,,94.4
"2019-04-27 13:45:57",96.6,,,,96.6
"2019-04-27 13:48:07",,93.8,,,,93.8
"2019-04-27 13:59:57",,,97.6,,,,97.6
"2019-04-27 14:03:48",97.3,,,,97.3
"2019-04-27 14:05:59",,93.1,,,,93.1
"2019-04-27 14:17:04",,,,94.8,,,,94.8
"2019-04-27 14:21:39",98.6,,,,98.6
"2019-04-27 14:23:52",,92.5,,,,92.5
"2019-04-27 14:35:40",,,95.2,,,,95.2
"2019-04-27 14:39:25",97.1,,,,97.1
"2019-04-27 14:41:52",,90.9,,,,90.9
"2019-04-27 14:53:15",,,,96.6,,,,96.6
"2019-04-27 14:57:15",97.5,,,,97.5
"2019-04-27 14:59:42",,92.4,,,,92.4
"2019-04-27 15:11:27",,,98.4,,,,98.4
"2019-04-27 15:15:11",98,,,,98
"2019-04-27 15:17:40",,93.4,,,,93.4
"2019-04-27 15:29:03",,,,96.6,,,,96.6
"2019-04-27 15:32:56",98.6,,,,98.6
"2019-04-27 15:35:35",,94.1,,,,94.1
"2019-04-27 15:47:16",,,98.3,,,,98.3
"2019-04-27 15:50:46",99.5,,,,99.5
"2019-04-27 15:53:32",,96.5,,,,96.5
"2019-04-27 16:05:04",,,,96.9,,,,96.9
"2019-04-27 16:08:33",98,,,,98
"2019-04-27 16:11:29",,95.1,,,,95.1
"2019-04-27 16:23:09",,,99.3,,,,99.3
"2019-04-27 16:26:22",96.8,,,,96.8
"2019-04-27 16:29:23",,94.7,,,,94.7
"2019-04-27 16:41:02",,,,95.9,,,,95.9
"2019-04-27 16:44:13",97.8,,,,97.8
"2019-04-27 16:47:17",,94.4,,,,94.4
"2019-04-27 16:58:56",,,99.8,,,,99.8
"2019-04-27 17:02:09",99.8,,,,99.8
"2019-04-27 17:05:18",,95.1,,,,95.1
"2019-04-27 17:16:59",,,,97.2,,,,97.2
"2019-04-27 17:19:48",99.6,,,,99.6
"2019-04-27 17:23:12",,95.4,,,,95.4
"2019-04-27 17:34:45",,,99.8,,,,99.8
"2019-04-27 17:37:41",99.1,,,,99.1
"2019-04-27 17:41:10",,96.4,,,,96.4
"2019-04-27 17:52:57",,,,97.7,,,,97.7
"2019-04-27 17:55:33",98.1,,,,98.1
"2019-04-27 17:59:04",,94.2,,,,94.2
"2019-04-27 18:10:35",,,100.3,,,,100.3
"2019-04-27 18:12:28",97.7,,,,97.7
"2019-04-27 18:16:30",,91.8,,,,91.8
"2019-04-27 18:28:57",,,,96.7,,,,96.7
"2019-04-27 18:30:11",98.1,,,,98.1
"2019-04-27 18:33:30",,94.5,,,,94.5
"2019-04-27 18:46:22",,,100.9,,,,100.9
"2019-04-27 18:47:59",96.9,,,,96.9
"2019-04-27 18:51:25",,93.5,,,,93.5
"2019-04-27 19:05:03",,,,96.1,,,,96.1
"2019-04-27 19:05:48",96.1,,,,96.1
"2019-04-27 19:09:19",,92.7,,,,92.7
"2019-04-27 19:21:37",96.9,,,,96.9
"2019-04-27 19:22:13",,,99,,,,99
"2019-04-27 19:27:14",,92.2,,,,92.2
"2019-04-27 19:39:25",99.8,,,,99.8
"2019-04-27 19:41:06",,,,97.6,,,,97.6
"2019-04-27 19:45:08",,93.6,,,,93.6
"2019-04-27 19:57:24",99.5,,,,99.5
"2019-04-27 19:58:00",,,99.6,,,,99.6
"2019-04-27 20:03:03",,95.6,,,,95.6
"2019-04-27 20:15:05",98.4,,,,98.4
"2019-04-27 20:17:02",,,,96.7,,,,96.7
"2019-04-27 20:20:59",,94.8,,,,94.8
"2019-04-27 20:30:29",97.8,,,,97.8
"2019-04-27 20:33:51",,,100.1,,,,100.1
"2019-04-27 20:38:53",,92.6,,,,92.6
"2019-04-27 20:48:19",101,,,,101
"2019-04-27 20:53:08",,,,96.4,,,,96.4
"2019-04-27 20:56:45",,92.7,,,,92.7
"2019-04-27 21:06:10",100.6,,,,100.6
"2019-04-27 21:09:38",,,98.6,,,,98.6
"2019-04-27 21:14:38",,94.6,,,,94.6
"2019-04-27 21:23:59",98.8,,,,98.8
"2019-04-27 21:29:10",,,,96.9,,,,96.9
"2019-04-27 21:32:34",,94.3,,,,94.3
"2019-04-27 21:41:49",96.8,,,,96.8
"2019-04-27 21:45:24",,,100.2,,,,100.2
"2019-04-27 21:50:28",,92.1,,,,92.1
"2019-04-27 21:59:53",95.6,,,,95.6
"2019-04-27 22:05:01",,,,96.1,,,,96.1
"2019-04-27 22:07:36",,91.9,,,,91.9
"2019-04-27 22:17:30",96,,,,96
"2019-04-27 22:21:16",,,99.7,,,,99.7
"2019-04-27 22:25:33",,92.9,,,,92.9
"2019-04-27 22:35:19",96.8,,,,96.8
"2019-04-27 22:40:58",,,,96.1,,,,96.1
"2019-04-27 22:43:27",,91.8,,,,91.8
"2019-04-27 22:53:14",96.6,,,,96.6
"2019-04-27 22:56:59",,,98.8,,,,98.8
"2019-04-27 23:01:27",,92.3,,,,92.3
"2019-04-27 23:11:01",96.6,,,,96.6
"2019-04-27 23:16:56",,,,95,,,,95
"2019-04-27 23:19:21",,90.8,,,,90.8
"2019-04-27 23:28:51",95.6,,,,95.6
"2019-04-27 23:32:49",,,96.6,,,,96.6
"2019-04-27 23:37:11",,89.8,,,,89.8
"2019-04-27 23:46:35",95.6,,,,95.6
"2019-04-27 23:52:58",,,,95,,,,95
"2019-04-27 23:55:06",,90.5,,,,90.5
"2019-04-28 00:04:23",96.2,,,,96.2
"2019-04-28 00:08:37",,,96.5,,,,96.5
"2019-04-28 00:13:07",,89.6,,,,89.6
"2019-04-28 00:22:14",96.1,,,,96.1
"2019-04-28 00:28:44",,,,94.6,,,,94.6
"2019-04-28 00:30:54",,90.1,,,,90.1
"2019-04-28 00:40:04",97.7,,,,97.7
"2019-04-28 00:44:23",,,96.4,,,,96.4
"2019-04-28 00:48:49",,91.5,,,,91.5
"2019-04-28 00:57:52",97.9,,,,97.9
"2019-04-28 01:04:42",,,,95.4,,,,95.4
"2019-04-28 01:06:47",,91.3,,,,91.3
"2019-04-28 01:15:43",97.3,,,,97.3
"2019-04-28 01:20:13",,,94.7,,,,94.7
"2019-04-28 01:24:38",,92.7,,,,92.7
"2019-04-28 01:33:31",96.8,,,,96.8
"2019-04-28 01:40:49",,,,95.2,,,,95.2
"2019-04-28 01:42:32",,92,,,,92
"2019-04-28 01:47:46",97.2,,,,97.2
"2019-04-28 01:56:01",,,96.2,,,,96.2
"2019-04-28 02:00:24",,92.9,,,,92.9
"2019-04-28 02:05:36",99.9,,,,99.9
"2019-04-28 02:16:39",,,,95.5,,,,95.5
"2019-04-28 02:18:19",,95.2,,,,95.2
"2019-04-28 02:23:26",98.6,,,,98.6
"2019-04-28 02:31:48",,,96.7,,,,96.7
"2019-04-28 02:36:17",,95.4,,,,95.4
"2019-04-28 02:41:17",99.2,,,,99.2
"2019-04-28 02:52:36",,,,95.8,,,,95.8
"2019-04-28 02:54:10",,94.1,,,,94.1
"2019-04-28 02:59:06",98,,,,98
"2019-04-28 03:07:40",,,95.9,,,,95.9
"2019-04-28 03:12:06",,93.8,,,,93.8
"2019-04-28 03:16:54",97.4,,,,97.4
"2019-04-28 03:28:42",,,,96.2,,,,96.2
"2019-04-28 03:30:01",,91.6,,,,91.6
"2019-04-28 03:34:41",96.6,,,,96.6
"2019-04-28 03:43:22",,,97.4,,,,97.4
"2019-04-28 03:47:56",,89.3,,,,89.3
"2019-04-28 03:52:32",95.4,,,,95.4
"2019-04-28 04:04:38",,,,95.3,,,,95.3
"2019-04-28 04:05:53",,88.1,,,,88.1
"2019-04-28 04:10:20",94.9,,,,94.9
"2019-04-28 04:19:06",,,97.6,,,,97.6
"2019-04-28 04:23:47",,88.6,,,,88.6
"2019-04-28 04:28:13",95.9,,,,95.9
"2019-04-28 04:40:40",,,,95.4,,,,95.4
"2019-04-28 04:41:42",,88,,,,88
"2019-04-28 04:45:57",96.6,,,,96.6
"2019-04-28 04:55:06",,,97.2,,,,97.2
"2019-04-28 04:59:36",,87.9,,,,87.9
"2019-04-28 05:03:47",97.6,,,,97.6
"2019-04-28 05:16:49",,,,95.6,,,,95.6
"2019-04-28 05:17:29",,90.4,,,,90.4
"2019-04-28 05:21:35",99,,,,99
"2019-04-28 05:30:41",,,95.8,,,,95.8
"2019-04-28 05:35:27",,92.8,,,,92.8
"2019-04-28 05:39:25",98.8,,,,98.8
"2019-04-28 05:52:50",,,,96.1,,,,96.1
"2019-04-28 05:53:21",,92.5,,,,92.5
"2019-04-28 05:57:16",98,,,,98
"2019-04-28 06:06:29",,,96.7,,,,96.7
"2019-04-28 06:11:15",,91.9,,,,91.9
"2019-04-28 06:15:05",97.4,,,,97.4
"2019-04-28 06:28:44",,,,95.9,,,,95.9
"2019-04-28 06:29:10",,92.1,,,,92.1
"2019-04-28 06:32:53",97.6,,,,97.6
"2019-04-28 06:42:27",,,98.2,,,,98.2
"2019-04-28 06:47:05",,92.1,,,,92.1
"2019-04-28 06:50:43",97.7,,,,97.7
"2019-04-28 07:04:43",,,,95.4,,,,95.4
"2019-04-28 07:04:59",,92,,,,92
"2019-04-28 07:08:30",97.9,,,,97.9
"2019-04-28 07:18:09",,,96.5,,,,96.5
"2019-04-28 07:22:54",,92.7,,,,92.7
"2019-04-28 07:26:16",98.4,,,,98.4
"2019-04-28 07:40:42",,,,95.6,,,,95.6
"2019-04-28 07:40:55",,93.5,,,,93.5
"2019-04-28 07:44:04",97.3,,,,97.3
"2019-04-28 07:53:56",,,97.5,,,,97.5
"2019-04-28 07:58:41",,93.9,,,,93.9
"2019-04-28 08:01:53",97.8,,,,97.8
"2019-04-28 08:16:39",,94,,,,94
"2019-04-28 08:16:42",,,,95.1,,,,95.1
"2019-04-28 08:19:45",98.2,,,,98.2
"2019-04-28 08:29:42",,,97.4,,,,97.4
"2019-04-28 08:34:33",,94.1,,,,94.1
"2019-04-28 08:37:35",97.1,,,,97.1
"2019-04-28 08:52:39",,93.4,,,,93.4
"2019-04-28 08:52:43",,,,95.8,,,,95.8
"2019-04-28 08:55:30",97.1,,,,97.1
"2019-04-28 09:05:33",,,97.7,,,,97.7
"2019-04-28 09:09:50",99.8,,,,99.8
"2019-04-28 09:10:18",,92.8,,,,92.8
"2019-04-28 09:27:39",100.6,,,,100.6
"2019-04-28 09:28:11",,92.5,,,,92.5
"2019-04-28 09:28:44",,,,96.8,,,,96.8
"2019-04-28 09:41:19",,,97.9,,,,97.9
"2019-04-28 09:45:34",98.2,,,,98.2
"2019-04-28 09:46:04",,92.6,,,,92.6
"2019-04-28 10:03:04",97.4,,,,97.4
"2019-04-28 10:04:02",,94.7,,,,94.7
"2019-04-28 10:04:43",,,,95.5,,,,95.5
"2019-04-28 10:17:08",,,98.7,,,,98.7
"2019-04-28 10:20:53",99.2,,,,99.2
"2019-04-28 10:21:52",,95.4,,,,95.4
"2019-04-28 10:38:38",99.7,,,,99.7
"2019-04-28 10:39:46",,94.1,,,,94.1
"2019-04-28 10:40:41",,,,95.6,,,,95.6
"2019-04-28 10:52:53",,,96.2,,,,96.2
"2019-04-28 10:56:32",97.8,,,,97.8
"2019-04-28 10:57:41",,92.2,,,,92.2
"2019-04-28 11:14:17",97.1,,,,97.1
"2019-04-28 11:15:34",,94.7,,,,94.7
"2019-04-28 11:16:39",,,,95.5,,,,95.5
"2019-04-28 11:28:43",,,97.2,,,,97.2
"2019-04-28 11:32:04",95.8,,,,95.8
"2019-04-28 11:33:30",,94.1,,,,94.1
"2019-04-28 11:49:29",96.8,,,,96.8
"2019-04-28 11:51:12",,93.1,,,,93.1
"2019-04-28 11:52:39",,,,94.8,,,,94.8
"2019-04-28 12:04:31",,,97.4,,,,97.4
"2019-04-28 12:07:18",96.9,,,,96.9
"2019-04-28 12:09:18",,93.6,,,,93.6
"2019-04-28 12:22:09",99.9,,,,99.9
"2019-04-28 12:27:01",,94.6,,,,94.6
"2019-04-28 12:28:42",,,,96.2,,,,96.2
"2019-04-28 12:36:44",,,97.9,,,,97.9
"2019-04-28 12:39:58",99.2,,,,99.2
"2019-04-28 12:44:58",,94.5,,,,94.5
"2019-04-28 12:57:47",96.3,,,,96.3
"2019-04-28 13:02:54",,92.4,,,,92.4
"2019-04-28 13:04:42",,,,95,,,,95
"2019-04-28 13:12:17",,,100.4,,,,100.4
"2019-04-28 13:15:34",95.1,,,,95.1
"2019-04-28 13:17:39",,91.4,,,,91.4
"2019-04-28 13:32:34",95.1,,,,95.1
"2019-04-28 13:35:40",,93.3,,,,93.3
"2019-04-28 13:40:38",,,,93.4,,,,93.4
"2019-04-28 13:47:00",98.3,,,,98.3
"2019-04-28 13:48:07",,,96.9,,,,96.9
"2019-04-28 13:53:28",,93.2,,,,93.2
"2019-04-28 14:04:48",97.4,,,,97.4
"2019-04-28 14:11:22",,92.2,,,,92.2
"2019-04-28 14:16:44",,,,93.9,,,,93.9
"2019-04-28 14:22:45",95.9,,,,95.9
"2019-04-28 14:23:54",,,93.1,,,,93.1
"2019-04-28 14:29:18",,92.1,,,,92.1
"2019-04-28 14:40:23",94.8,,,,94.8
"2019-04-28 14:47:15",,89.5,,,,89.5
"2019-04-28 14:52:39",,,,94.9,,,,94.9
"2019-04-28 14:58:11",93.6,,,,93.6
"2019-04-28 14:59:39",,,94.2,,,,94.2
"2019-04-28 15:05:10",,88,,,,88
"2019-04-28 15:16:05",92.8,,,,92.8
"2019-04-28 15:23:03",,88,,,,88
"2019-04-28 15:24:51",95.3,,,,95.3
"2019-04-28 15:28:39",,,,95.9,,,,95.9
"2019-04-28 15:35:29",,,98.6,,,,98.6
"2019-04-28 15:40:42",,90.7,,,,90.7
"2019-04-28 15:42:38",98.6,,,,98.6
"2019-04-28 15:58:34",,94,,,,94
"2019-04-28 15:59:25",99.2,,,,99.2
"2019-04-28 16:04:42",,,,96,,,,96
"2019-04-28 16:11:16",,,96.9,,,,96.9
"2019-04-28 16:16:31",,95.2,,,,95.2
"2019-04-28 16:17:14",99,,,,99
"2019-04-28 16:34:05",98.4,,,,98.4
"2019-04-28 16:34:25",,93.7,,,,93.7
"2019-04-28 16:40:39",,,,96.8,,,,96.8
"2019-04-28 16:45:33",,,97.4,,,,97.4
"2019-04-28 16:51:56",99.4,,,,99.4
"2019-04-28 16:52:18",,93.2,,,,93.2
"2019-04-28 17:09:49",97.9,,,,97.9
"2019-04-28 17:10:16",,93.3,,,,93.3
"2019-04-28 17:16:41",,,,96.7,,,,96.7
"2019-04-28 17:21:15",,,100.8,,,,100.8
"2019-04-28 17:27:32",96.9,,,,96.9
"2019-04-28 17:28:11",,93.8,,,,93.8
"2019-04-28 17:45:20",96.6,,,,96.6
"2019-04-28 17:46:06",,92.1,,,,92.1
"2019-04-28 17:52:37",,,,96,,,,96
"2019-04-28 17:57:05",,,99.4,,,,99.4
"2019-04-28 18:03:11",97.1,,,,97.1
"2019-04-28 18:04:01",,91.9,,,,91.9
"2019-04-28 18:21:18",98.5,,,,98.5
"2019-04-28 18:21:56",,93.8,,,,93.8
"2019-04-28 18:28:40",,,,96.6,,,,96.6
"2019-04-28 18:33:11",,,98.5,,,,98.5
"2019-04-28 18:38:48",98.6,,,,98.6
"2019-04-28 18:39:49",,94,,,,94
"2019-04-28 18:56:43",97.4,,,,97.4
"2019-04-28 18:57:44",,92.4,,,,92.4
"2019-04-28 19:04:35",,,,95.9,,,,95.9
"2019-04-28 19:08:42",,,98.1,,,,98.1
"2019-04-28 19:14:25",96.8,,,,96.8
"2019-04-28 19:15:38",,92.1,,,,92.1
"2019-04-28 19:32:14",96.7,,,,96.7
"2019-04-28 19:33:32",,91.4,,,,91.4
"2019-04-28 19:40:31",,,,95,,,,95
"2019-04-28 19:44:32",,,97,,,,97
"2019-04-28 19:50:02",96,,,,96
"2019-04-28 19:51:27",,89.7,,,,89.7
"2019-04-28 20:07:52",95.2,,,,95.2
"2019-04-28 20:09:23",,88.5,,,,88.5
"2019-04-28 20:16:30",,,,95,,,,95
"2019-04-28 20:20:17",,,96,,,,96
"2019-04-28 20:25:42",95.7,,,,95.7
"2019-04-28 20:27:18",,88.7,,,,88.7
"2019-04-28 20:43:28",96.8,,,,96.8
"2019-04-28 20:45:14",,88.8,,,,88.8
"2019-04-28 20:52:30",,,,95.3,,,,95.3
"2019-04-28 20:56:07",,,96.6,,,,96.6
"2019-04-28 21:01:21",97,,,,97
"2019-04-28 21:03:08",,90.8,,,,90.8
"2019-04-28 21:19:07",96.7,,,,96.7
"2019-04-28 21:21:02",,90.8,,,,90.8
"2019-04-28 21:28:29",,,,94.9,,,,94.9
"2019-04-28 21:31:57",,,95.5,,,,95.5
"2019-04-28 21:36:57",95.9,,,,95.9
"2019-04-28 21:38:54",,90.6,,,,90.6
"2019-04-28 21:54:52",96.1,,,,96.1
"2019-04-28 21:56:54",,90.8,,,,90.8
"2019-04-28 22:04:29",,,,95.7,,,,95.7
"2019-04-28 22:07:53",,,95.8,,,,95.8
"2019-04-28 22:12:40",96,,,,96
"2019-04-28 22:14:43",,89.4,,,,89.4
"2019-04-28 22:30:29",95.5,,,,95.5
"2019-04-28 22:32:39",,88,,,,88
"2019-04-28 22:40:27",,,,96.1,,,,96.1
"2019-04-28 22:43:34",,,97.9,,,,97.9
"2019-04-28 22:48:19",96.6,,,,96.6
"2019-04-28 22:50:35",,88.9,,,,88.9
"2019-04-28 23:06:15",97.9,,,,97.9
"2019-04-28 23:08:30",,91.9,,,,91.9
"2019-04-28 23:16:27",,,,95.3,,,,95.3
"2019-04-28 23:19:22",,,97.2,,,,97.2
"2019-04-28 23:23:59",97.5,,,,97.5
"2019-04-28 23:26:25",,92.9,,,,92.9
"2019-04-28 23:41:49",96.4,,,,96.4
"2019-04-28 23:44:19",,90.6,,,,90.6
"2019-04-28 23:52:26",,,,94.9,,,,94.9
"2019-04-28 23:55:10",,,96.2,,,,96.2
"2019-04-28 23:59:43",95.2,,,,95.2
"2019-04-29 00:02:12",,87.9,,,,87.9
"2019-04-29 00:16:58",94.6,,,,94.6
"2019-04-29 00:20:09",,88.4,,,,88.4
"2019-04-29 00:28:26",,,,95.2,,,,95.2
"2019-04-29 00:31:04",,,96.6,,,,96.6
"2019-04-29 00:31:18",98.4,,,,98.4
"2019-04-29 00:38:05",,91,,,,91
"2019-04-29 00:49:08",98.5,,,,98.5
"2019-04-29 00:56:00",,92,,,,92
"2019-04-29 01:04:25",,,,95.3,,,,95.3
"2019-04-29 01:06:54",,,96,,,,96
"2019-04-29 01:06:58",96.8,,,,96.8
"2019-04-29 01:13:58",,88.5,,,,88.5
"2019-04-29 01:24:46",95.5,,,,95.5
"2019-04-29 01:29:57",,86.5,,,,86.5
"2019-04-29 01:40:23",,,,95.3,,,,95.3
"2019-04-29 01:42:33",94.5,,,,94.5
"2019-04-29 01:42:41",,,97.1,,,,97.1
"2019-04-29 01:47:37",,88.7,,,,88.7
"2019-04-29 02:00:22",94.4,,,,94.4
"2019-04-29 02:05:34",,87.7,,,,87.7
"2019-04-29 02:16:27",,,,94.9,,,,94.9
"2019-04-29 02:18:13",94.4,,,,94.4
"2019-04-29 02:18:31",,,97.4,,,,97.4
"2019-04-29 02:23:28",,86.4,,,,86.4
"2019-04-29 02:36:02",94.4,,,,94.4
"2019-04-29 02:41:22",,85.9,,,,85.9
"2019-04-29 02:52:22",,,,94.9,,,,94.9
"2019-04-29 02:53:53",95,,,,95
"2019-04-29 02:54:22",,,96.5,,,,96.5
"2019-04-29 02:59:17",,84.4,,,,84.4
"2019-04-29 03:11:48",95,,,,95
"2019-04-29 03:17:10",,83.9,,,,83.9
"2019-04-29 03:28:29",,,,95,,,,95
"2019-04-29 03:29:33",95.6,,,,95.6
"2019-04-29 03:30:08",,,96.1,,,,96.1
"2019-04-29 03:35:08",,85,,,,85
"2019-04-29 03:47:23",97.9,,,,97.9
"2019-04-29 03:52:23",,89.5,,,,89.5
"2019-04-29 04:04:27",,,,95,,,,95
"2019-04-29 04:05:11",97.9,,,,97.9
"2019-04-29 04:05:58",,,94.1,,,,94.1
"2019-04-29 04:10:15",,91.4,,,,91.4
"2019-04-29 04:23:00",96.7,,,,96.7
"2019-04-29 04:28:11",,90.3,,,,90.3
"2019-04-29 04:40:26",,,,95.4,,,,95.4
"2019-04-29 04:40:50",95.7,,,,95.7
"2019-04-29 04:41:51",,,95,,,,95
"2019-04-29 04:46:05",,89.3,,,,89.3
"2019-04-29 04:58:48",95.1,,,,95.1
"2019-04-29 05:04:02",,88.5,,,,88.5
"2019-04-29 05:16:29",94.8,,,,94.8
"2019-04-29 05:16:38",,,,95.4,,,,95.4
"2019-04-29 05:17:41",,,97.1,,,,97.1
"2019-04-29 05:21:58",,87.5,,,,87.5
"2019-04-29 05:34:18",95.4,,,,95.4
"2019-04-29 05:39:52",,87.1,,,,87.1
"2019-04-29 05:52:05",96.7,,,,96.7
"2019-04-29 05:52:27",,,,95,,,,95
"2019-04-29 05:53:32",,,96.9,,,,96.9
"2019-04-29 05:57:54",,87.1,,,,87.1
"2019-04-29 06:09:52",98.8,,,,98.8
"2019-04-29 06:14:59",,91,,,,91
"2019-04-29 06:27:39",97.3,,,,97.3
"2019-04-29 06:28:11",,,,95.8,,,,95.8
"2019-04-29 06:29:20",,,96.1,,,,96.1
"2019-04-29 06:32:54",,92.7,,,,92.7
"2019-04-29 06:45:26",96.2,,,,96.2
"2019-04-29 06:50:57",,91.2,,,,91.2
"2019-04-29 07:03:16",96.2,,,,96.2
"2019-04-29 07:04:17",,,,95.5,,,,95.5
"2019-04-29 07:05:08",,,98.7,,,,98.7
"2019-04-29 07:08:46",,92.3,,,,92.3
"2019-04-29 07:21:10",96.7,,,,96.7
"2019-04-29 07:26:43",,91.7,,,,91.7
"2019-04-29 07:38:54",97.5,,,,97.5
"2019-04-29 07:40:05",,,,94.9,,,,94.9
"2019-04-29 07:40:57",,,98.5,,,,98.5
"2019-04-29 07:44:36",,92.2,,,,92.2
"2019-04-29 07:56:41",96,,,,96
"2019-04-29 08:02:31",,91.5,,,,91.5
"2019-04-29 08:14:31",94.7,,,,94.7
"2019-04-29 08:16:03",,,,93.4,,,,93.4
"2019-04-29 08:16:41",,,96.8,,,,96.8
"2019-04-29 08:20:26",,90.4,,,,90.4
"2019-04-29 08:32:18",93.3,,,,93.3
"2019-04-29 08:38:21",,87.5,,,,87.5
"2019-04-29 08:50:09",91.9,,,,91.9
"2019-04-29 08:52:03",,,,92.2,,,,92.2
"2019-04-29 08:52:26",,,94.9,,,,94.9
"2019-04-29 08:56:17",,84.7,,,,84.7
"2019-04-29 09:07:57",91,,,,91
"2019-04-29 09:12:46",,86.1,,,,86.1
"2019-04-29 09:25:50",91.6,,,,91.6
"2019-04-29 09:27:09",,,,93.2,,,,93.2
"2019-04-29 09:28:13",,,93.9,,,,93.9
"2019-04-29 09:30:39",,85.9,,,,85.9
"2019-04-29 09:43:38",91.2,,,,91.2
"2019-04-29 09:48:33",,83.2,,,,83.2
"2019-04-29 10:01:28",91.9,,,,91.9
"2019-04-29 10:03:06",,,,96.4,,,,96.4
"2019-04-29 10:03:23",,,97.1,,,,97.1
"2019-04-29 10:06:28",,83.4,,,,83.4
"2019-04-29 10:19:15",95.2,,,,95.2
"2019-04-29 10:24:24",,83.1,,,,83.1
"2019-04-29 10:37:06",96.8,,,,96.8
"2019-04-29 10:38:50",,87.8,,,,87.8
"2019-04-29 10:39:06",,,,95.6,,,,95.6
"2019-04-29 10:39:17",,,100.5,,,,100.5
"2019-04-29 10:54:53",96.6,,,,96.6
"2019-04-29 10:56:44",,91.3,,,,91.3
"2019-04-29 11:12:43",95.5,,,,95.5
"2019-04-29 11:14:39",,90.4,,,,90.4
"2019-04-29 11:15:05",,,97.5,,,,97.5
"2019-04-29 11:15:08",,,,94.6,,,,94.6
"2019-04-29 11:30:33",94,,,,94
"2019-04-29 11:32:33",,87.8,,,,87.8
"2019-04-29 11:48:22",93.6,,,,93.6
"2019-04-29 11:50:27",,88.7,,,,88.7
"2019-04-29 11:50:56",,,95.3,,,,95.3
"2019-04-29 11:51:06",,,,93.9,,,,93.9
"2019-04-29 12:06:13",93.4,,,,93.4
"2019-04-29 12:08:21",,86.8,,,,86.8
"2019-04-29 12:24:04",92.6,,,,92.6
"2019-04-29 12:26:15",,84.5,,,,84.5
"2019-04-29 12:26:43",,,96.6,,,,96.6
"2019-04-29 12:27:06",,,,95.2,,,,95.2
"2019-04-29 12:41:53",93.6,,,,93.6
"2019-04-29 12:44:09",,85.1,,,,85.1
"2019-04-29 12:59:42",96.2,,,,96.2
"2019-04-29 13:02:03",,87.5,,,,87.5
"2019-04-29 13:02:29",,,98.7,,,,98.7
"2019-04-29 13:03:09",,,,94.9,,,,94.9
"2019-04-29 13:17:35",96.3,,,,96.3
"2019-04-29 13:19:57",,90.7,,,,90.7
"2019-04-29 13:35:24",95.7,,,,95.7
"2019-04-29 13:37:55",,91.7,,,,91.7
"2019-04-29 13:38:23",,,97.1,,,,97.1
"2019-04-29 13:39:11",,,,94.5,,,,94.5
"2019-04-29 13:53:18",95.3,,,,95.3
"2019-04-29 13:55:46",,90.4,,,,90.4
"2019-04-29 14:10:59",94.4,,,,94.4
"2019-04-29 14:13:40",,87,,,,87
"2019-04-29 14:14:03",,,96,,,,96
"2019-04-29 14:15:05",,,,95.2,,,,95.2
"2019-04-29 14:28:49",94,,,,94
"2019-04-29 14:31:37",,87.2,,,,87.2
"2019-04-29 14:46:38",94.4,,,,94.4
"2019-04-29 14:49:34",,86.3,,,,86.3
"2019-04-29 14:49:52",,,97.9,,,,97.9
"2019-04-29 14:51:06",,,,96.1,,,,96.1
"2019-04-29 15:04:34",95.6,,,,95.6
"2019-04-29 15:07:28",,85.8,,,,85.8
"2019-04-29 15:22:15",97.8,,,,97.8
"2019-04-29 15:25:22",,88.9,,,,88.9
"2019-04-29 15:25:39",,,98.9,,,,98.9
"2019-04-29 15:27:06",,,,97,,,,97
"2019-04-29 15:40:05",98.6,,,,98.6
"2019-04-29 15:43:16",,93.3,,,,93.3
"2019-04-29 15:57:53",97.4,,,,97.4
"2019-04-29 16:01:10",,91.5,,,,91.5
"2019-04-29 16:01:28",,,98.9,,,,98.9
"2019-04-29 16:03:04",,,,96.5,,,,96.5
"2019-04-29 16:15:42",96.4,,,,96.4
"2019-04-29 16:19:09",,91.6,,,,91.6
"2019-04-29 16:33:32",96.5,,,,96.5
"2019-04-29 16:37:01",,91.1,,,,91.1
"2019-04-29 16:37:15",,,98.2,,,,98.2
"2019-04-29 16:39:10",,,,96.3,,,,96.3
"2019-04-29 16:51:23",96.3,,,,96.3
"2019-04-29 16:54:56",,90,,,,90
"2019-04-29 17:09:18",96.8,,,,96.8
"2019-04-29 17:12:51",,90.5,,,,90.5
"2019-04-29 17:13:12",,,98.2,,,,98.2
"2019-04-29 17:15:13",,,,96.1,,,,96.1
"2019-04-29 17:27:02",97.8,,,,97.8
"2019-04-29 17:30:46",,91.8,,,,91.8
"2019-04-29 17:44:50",98.1,,,,98.1
"2019-04-29 17:48:43",,93.1,,,,93.1
"2019-04-29 17:48:54",,,96.7,,,,96.7
"2019-04-29 17:51:08",,,,96.1,,,,96.1
"2019-04-29 18:01:15",97.6,,,,97.6
"2019-04-29 18:06:39",,92.3,,,,92.3
"2019-04-29 18:19:05",99.4,,,,99.4
"2019-04-29 18:24:32",,93.7,,,,93.7
"2019-04-29 18:24:44",,,96.8,,,,96.8
"2019-04-29 18:27:05",,,,96.8,,,,96.8
"2019-04-29 18:36:55",97.6,,,,97.6
"2019-04-29 18:42:30",,93.1,,,,93.1
"2019-04-29 18:54:45",96.3,,,,96.3
"2019-04-29 19:00:29",,91.7,,,,91.7
"2019-04-29 19:00:33",,,98.7,,,,98.7
"2019-04-29 19:03:07",,,,95.5,,,,95.5
"2019-04-29 19:12:33",94.9,,,,94.9
"2019-04-29 19:18:16",,89.1,,,,89.1
"2019-04-29 19:23:22",97.1,,,,97.1
"2019-04-29 19:34:53",,91.6,,,,91.6
"2019-04-29 19:36:31",,,97.2,,,,97.2
"2019-04-29 19:39:05",,,,97.3,,,,97.3
"2019-04-29 19:41:17",100.4,,,,100.4
"2019-04-29 19:52:54",,94.4,,,,94.4
"2019-04-29 19:57:09",,,100.3,,,,100.3
"2019-04-29 19:58:49",,94.9,,,,94.9
"2019-04-29 19:59:11",99.5,,,,99.5
"2019-04-29 20:00:04",,,,97.1,,,,97.1
"2019-04-29 20:01:48",,96.1,,,,96.1
"2019-04-29 20:01:59",98.6,,,,98.6
"2019-04-29 20:03:10",,,102.1,,,,102.1
"2019-04-29 20:04:47",,96.7,,,,96.7
"2019-04-29 20:04:58",98.3,,,,98.3
"2019-04-29 20:06:04",,,,96.4,,,,96.4
"2019-04-29 20:07:45",,96.8,,,,96.8
"2019-04-29 20:08:00",98,,,,98
"2019-04-29 20:09:17",,,102,,,,102
"2019-04-29 20:10:44",,96.8,,,,96.8
"2019-04-29 20:10:57",97.6,,,,97.6
"2019-04-29 20:12:19",,,,96.1,,,,96.1
"2019-04-29 20:13:42",,96.7,,,,96.7
"2019-04-29 20:13:56",97.4,,,,97.4
"2019-04-29 20:15:04",,,101.8,,,,101.8
"2019-04-29 20:16:42",,96.3,,,,96.3
"2019-04-29 20:16:55",97.1,,,,97.1
"2019-04-29 20:18:17",,,,95.8,,,,95.8
"2019-04-29 20:19:41",,95.8,,,,95.8
"2019-04-29 20:19:48",97.1,,,,97.1
"2019-04-29 20:21:01",,,101.5,,,,101.5
"2019-04-29 20:22:39",,95.4,,,,95.4
"2019-04-29 20:22:47",96.9,,,,96.9
"2019-04-29 20:24:06",,,,95.4,,,,95.4
"2019-04-29 20:25:44",96.7,,,,96.7
"2019-04-29 20:25:47",,95,,,,95
"2019-04-29 20:27:05",,,101.1,,,,101.1
"2019-04-29 20:28:39",,94.4,,,,94.4
"2019-04-29 20:28:43",96.5,,,,96.5
"2019-04-29 20:30:05",,,,95.2,,,,95.2
"2019-04-29 20:31:41",96.3,,,,96.3
"2019-04-29 20:31:42",,93.9,,,,93.9
"2019-04-29 20:32:58",,,100.6,,,,100.6
"2019-04-29 20:34:39",96,,,,96
"2019-04-29 20:34:48",,93.7,,,,93.7
"2019-04-29 20:36:10",,,,95,,,,95
"2019-04-29 20:37:35",,93.7,,,,93.7
"2019-04-29 20:37:38",95.8,,,,95.8
"2019-04-29 20:38:56",,,100.3,,,,100.3
"2019-04-29 20:40:35",,93.7,,,,93.7
"2019-04-29 20:40:36",96.2,,,,96.2
"2019-04-29 20:42:05",,,,95.2,,,,95.2
"2019-04-29 20:43:34",96.4,,,,96.4
"2019-04-29 20:43:42",,93.7,,,,93.7
"2019-04-29 20:44:58",,,99.7,,,,99.7
"2019-04-29 20:46:32",96.4,,,,96.4
"2019-04-29 20:46:37",,93.5,,,,93.5
"2019-04-29 20:48:04",,,,96,,,,96
"2019-04-29 20:49:31",96.3,,,,96.3
"2019-04-29 20:49:33",,93,,,,93
"2019-04-29 20:50:56",,,98.5,,,,98.5
"2019-04-29 20:52:28",96.1,,,,96.1
"2019-04-29 20:52:32",,92.6,,,,92.6
"2019-04-29 20:54:08",,,,97.6,,,,97.6
"2019-04-29 20:55:26",95.9,,,,95.9
"2019-04-29 20:55:32",,92.1,,,,92.1
"2019-04-29 20:56:51",,,98.3,,,,98.3
"2019-04-29 20:58:23",95.9,,,,95.9
"2019-04-29 20:58:31",,91.4,,,,91.4
"2019-04-29 21:00:05",,,,97.3,,,,97.3
"2019-04-29 21:01:26",95.8,,,,95.8
"2019-04-29 21:01:41",,90.8,,,,90.8
"2019-04-29 21:02:56",,,98.6,,,,98.6
"2019-04-29 21:04:20",95.6,,,,95.6
"2019-04-29 21:04:31",,90.3,,,,90.3
"2019-04-29 21:06:06",,,,96.7,,,,96.7
"2019-04-29 21:07:18",95.6,,,,95.6
"2019-04-29 21:07:30",,89.9,,,,89.9
"2019-04-29 21:08:48",,,98.4,,,,98.4
"2019-04-29 21:10:21",95.8,,,,95.8
"2019-04-29 21:10:29",,90.6,,,,90.6
"2019-04-29 21:12:05",,,,96,,,,96
"2019-04-29 21:13:15",96.3,,,,96.3
"2019-04-29 21:13:27",,91.3,,,,91.3
"2019-04-29 21:14:47",,,97.5,,,,97.5
"2019-04-29 21:16:14",96.6,,,,96.6
"2019-04-29 21:16:27",,91.6,,,,91.6
"2019-04-29 21:18:06",,,,95.3,,,,95.3
"2019-04-29 21:19:12",96.7,,,,96.7
"2019-04-29 21:19:27",,91.7,,,,91.7
"2019-04-29 21:20:47",,,96.9,,,,96.9
"2019-04-29 21:22:11",96.6,,,,96.6
"2019-04-29 21:22:26",,91.6,,,,91.6
"2019-04-29 21:24:10",,,,94.8,,,,94.8
"2019-04-29 21:25:09",96.3,,,,96.3
"2019-04-29 21:25:25",,91.6,,,,91.6
"2019-04-29 21:26:46",,,96.4,,,,96.4
"2019-04-29 21:28:08",96.2,,,,96.2
"2019-04-29 21:28:30",,91.9,,,,91.9
"2019-04-29 21:30:07",,,,94.4,,,,94.4
"2019-04-29 21:31:05",96,,,,96
"2019-04-29 21:31:24",,92.3,,,,92.3
"2019-04-29 21:32:45",,,97.1,,,,97.1
"2019-04-29 21:34:03",96,,,,96
"2019-04-29 21:34:23",,92.6,,,,92.6
"2019-04-29 21:36:02",,,,94.2,,,,94.2
"2019-04-29 21:37:08",96.1,,,,96.1
"2019-04-29 21:37:22",,92.7,,,,92.7
"2019-04-29 21:38:47",,,98,,,,98
"2019-04-29 21:39:59",96.2,,,,96.2
"2019-04-29 21:40:21",,92.5,,,,92.5
"2019-04-29 21:42:04",,,,94.8,,,,94.8
"2019-04-29 21:42:59",96.3,,,,96.3
"2019-04-29 21:43:20",,92.2,,,,92.2
"2019-04-29 21:44:45",,,97.9,,,,97.9
"2019-04-29 21:45:58",96.3,,,,96.3
"2019-04-29 21:46:22",,92.2,,,,92.2
"2019-04-29 21:48:04",,,,95.6,,,,95.6
"2019-04-29 21:48:56",96.3,,,,96.3
"2019-04-29 21:49:18",,92.2,,,,92.2
"2019-04-29 21:50:40",,,98.6,,,,98.6
"2019-04-29 21:52:00",96.4,,,,96.4
"2019-04-29 21:52:23",,92.4,,,,92.4
"2019-04-29 21:54:09",,,,96.9,,,,96.9
"2019-04-29 21:54:55",96.6,,,,96.6
"2019-04-29 21:55:16",,92.4,,,,92.4
"2019-04-29 21:56:39",,,98.7,,,,98.7
"2019-04-29 21:57:49",96.6,,,,96.6
"2019-04-29 21:58:15",,92.2,,,,92.2
"2019-04-29 22:00:05",,,,97.3,,,,97.3
"2019-04-29 22:00:47",96.5,,,,96.5
"2019-04-29 22:01:13",,91.8,,,,91.8
"2019-04-29 22:02:42",,,98.5,,,,98.5
"2019-04-29 22:03:45",96.4,,,,96.4
"2019-04-29 22:04:12",,91.1,,,,91.1
"2019-04-29 22:06:16",,,,96.9,,,,96.9
"2019-04-29 22:06:43",96.2,,,,96.2
"2019-04-29 22:07:12",,90.5,,,,90.5
"2019-04-29 22:08:36",,,98.5,,,,98.5
"2019-04-29 22:09:42",96,,,,96
"2019-04-29 22:10:11",,89.7,,,,89.7
"2019-04-29 22:12:05",,,,96.3,,,,96.3
"2019-04-29 22:12:40",96.3,,,,96.3
"2019-04-29 22:13:14",,88.8,,,,88.8
"2019-04-29 22:14:35",,,98.8,,,,98.8
"2019-04-29 22:15:43",97,,,,97
"2019-04-29 22:16:10",,89.1,,,,89.1
"2019-04-29 22:18:10",,,,95.8,,,,95.8
"2019-04-29 22:18:37",97.2,,,,97.2
"2019-04-29 22:19:09",,89.8,,,,89.8
"2019-04-29 22:20:32",,,99.4,,,,99.4
"2019-04-29 22:21:47",97.1,,,,97.1
"2019-04-29 22:22:08",,90.5,,,,90.5
"2019-04-29 22:24:06",,,,95.8,,,,95.8
"2019-04-29 22:24:33",96.9,,,,96.9
"2019-04-29 22:25:08",,90.9,,,,90.9
"2019-04-29 22:26:31",,,99.4,,,,99.4
"2019-04-29 22:27:36",96.8,,,,96.8
"2019-04-29 22:28:07",,91.1,,,,91.1
"2019-04-29 22:30:07",,,,95.7,,,,95.7
"2019-04-29 22:30:30",96.8,,,,96.8
"2019-04-29 22:31:06",,91.2,,,,91.2
"2019-04-29 22:32:29",,,99.2,,,,99.2
"2019-04-29 22:33:33",96.8,,,,96.8
"2019-04-29 22:34:05",,91.2,,,,91.2
"2019-04-29 22:36:06",,,,95.7,,,,95.7
"2019-04-29 22:36:28",97.5,,,,97.5
"2019-04-29 22:37:03",,91,,,,91
"2019-04-29 22:38:35",,,98.4,,,,98.4
"2019-04-29 22:39:29",98.2,,,,98.2
"2019-04-29 22:40:02",,91.2,,,,91.2
"2019-04-29 22:42:06",,,,95.5,,,,95.5
"2019-04-29 22:42:37",98.2,,,,98.2
"2019-04-29 22:43:01",,91.8,,,,91.8
"2019-04-29 22:44:24",,,96.7,,,,96.7
"2019-04-29 22:45:22",98.2,,,,98.2
"2019-04-29 22:46:00",,92.4,,,,92.4
"2019-04-29 22:48:04",,,,95.3,,,,95.3
"2019-04-29 22:48:20",98.2,,,,98.2
"2019-04-29 22:49:00",,92.9,,,,92.9
"2019-04-29 22:50:23",,,96.4,,,,96.4
"2019-04-29 22:51:18",98.2,,,,98.2
"2019-04-29 22:51:59",,93.3,,,,93.3
"2019-04-29 22:54:04",,,,95.2,,,,95.2
"2019-04-29 22:54:17",98,,,,98
"2019-04-29 22:54:59",,93.5,,,,93.5
"2019-04-29 22:56:17",,,96.9,,,,96.9
"2019-04-29 22:57:16",97.8,,,,97.8
"2019-04-29 22:57:58",,93.4,,,,93.4
"2019-04-29 23:00:06",,,,95.1,,,,95.1
"2019-04-29 23:00:14",97.6,,,,97.6
"2019-04-29 23:00:58",,93.1,,,,93.1
"2019-04-29 23:02:18",,,96.5,,,,96.5
"2019-04-29 23:03:13",97.3,,,,97.3
"2019-04-29 23:03:56",,92.8,,,,92.8
"2019-04-29 23:06:07",,,,95.1,,,,95.1
"2019-04-29 23:06:11",97.1,,,,97.1
"2019-04-29 23:07:00",,92.8,,,,92.8
"2019-04-29 23:08:14",,,96.3,,,,96.3
"2019-04-29 23:09:14",96.9,,,,96.9
"2019-04-29 23:09:55",,92.6,,,,92.6
"2019-04-29 23:12:08",,,,95,,,,95
"2019-04-29 23:12:08",96.7,,,,96.7
"2019-04-29 23:12:55",,92.2,,,,92.2
"2019-04-29 23:14:16",,,95.8,,,,95.8
"2019-04-29 23:15:06",96.6,,,,96.6
"2019-04-29 23:15:54",,91.6,,,,91.6
"2019-04-29 23:18:05",96.3,,,,96.3
"2019-04-29 23:18:08",,,,95,,,,95
"2019-04-29 23:18:57",,91.1,,,,91.1
"2019-04-29 23:20:09",,,95.3,,,,95.3
"2019-04-29 23:21:04",96.2,,,,96.2
"2019-04-29 23:21:57",,90.6,,,,90.6
"2019-04-29 23:24:02",95.9,,,,95.9
"2019-04-29 23:24:07",,,,94.9,,,,94.9
"2019-04-29 23:24:52",,90.3,,,,90.3
"2019-04-29 23:26:13",,,94.9,,,,94.9
"2019-04-29 23:27:04",95.8,,,,95.8
"2019-04-29 23:27:51",,90.2,,,,90.2
"2019-04-29 23:29:57",95.6,,,,95.6
"2019-04-29 23:30:16",,,,94.8,,,,94.8
"2019-04-29 23:30:50",,90.1,,,,90.1
"2019-04-29 23:32:09",,,94.8,,,,94.8
"2019-04-29 23:32:55",95.4,,,,95.4
"2019-04-29 23:33:49",,89.9,,,,89.9
"2019-04-29 23:35:53",95.2,,,,95.2
"2019-04-29 23:36:09",,,,94.9,,,,94.9
"2019-04-29 23:36:49",,89.6,,,,89.6
"2019-04-29 23:38:03",,,95,,,,95
"2019-04-29 23:38:51",95.1,,,,95.1
"2019-04-29 23:39:52",,89.1,,,,89.1
"2019-04-29 23:41:48",94.9,,,,94.9
"2019-04-29 23:42:08",,,,95,,,,95
"2019-04-29 23:42:46",,88.7,,,,88.7
"2019-04-29 23:44:01",,,95.1,,,,95.1
"2019-04-29 23:44:47",94.7,,,,94.7
"2019-04-29 23:45:44",,88.1,,,,88.1
"2019-04-29 23:47:44",94.4,,,,94.4
"2019-04-29 23:48:12",,,,95.3,,,,95.3
"2019-04-29 23:48:48",,87.5,,,,87.5
"2019-04-29 23:49:58",,,95.4,,,,95.4
"2019-04-29 23:50:43",94.2,,,,94.2
"2019-04-29 23:51:47",,86.9,,,,86.9
"2019-04-29 23:53:41",94.1,,,,94.1
"2019-04-29 23:54:08",,,,95.9,,,,95.9
"2019-04-29 23:54:45",,86.5,,,,86.5
"2019-04-29 23:55:55",,,96.4,,,,96.4
"2019-04-29 23:56:39",94,,,,94
"2019-04-29 23:57:45",,86.5,,,,86.5
"2019-04-29 23:59:37",93.9,,,,93.9