"Time","20-21-23 Riser Supply","20-21-23 Riser Return"
"2019-04-21 23:23:46",100.7
"2019-04-21 23:54:28",,119.1
"2019-04-22 00:05:33",101.5
"2019-04-22 00:29:49",,118
"2019-04-22 00:50:24",102.9
"2019-04-22 01:07:08",,119.9
"2019-04-22 01:35:48",102.9
"2019-04-22 01:54:45",,121.1
"2019-04-22 02:23:40",103.3
"2019-04-22 02:42:27",,121.1
"2019-04-22 03:11:30",103.2
"2019-04-22 03:30:05",,121.1
"2019-04-22 03:59:29",103.3
"2019-04-22 04:17:47",,121.1
"2019-04-22 04:46:24",102.5
"2019-04-22 05:02:16",,119.8
"2019-04-22 05:30:25",102.5
"2019-04-22 05:49:52",,118.2
"2019-04-22 06:10:03",101.5
"2019-04-22 06:37:34",,118.4
"2019-04-22 06:50:41",100.6
"2019-04-22 07:25:17",,116.9
"2019-04-22 07:31:50",101.8
"2019-04-22 08:12:58",,120.1
"2019-04-22 08:17:27",103.1
"2019-04-22 09:00:40",,121.1
"2019-04-22 09:05:10",103.5
"2019-04-22 09:48:22",,120.1
"2019-04-22 09:52:18",102.9
"2019-04-22 10:36:02",,120.4
"2019-04-22 10:37:51",102.4
"2019-04-22 11:23:23",102.3
"2019-04-22 11:23:45",,120
"2019-04-22 12:11:15",103
"2019-04-22 12:11:19",,121
"2019-04-22 12:58:58",,121.2
"2019-04-22 12:59:06",103.3
"2019-04-22 13:46:40",,121.3
"2019-04-22 13:46:57",103.3
"2019-04-22 14:34:22",,121.4
"2019-04-22 14:34:49",103.3
"2019-04-22 15:22:03",,121.2
"2019-04-22 15:22:40",103.3
"2019-04-22 16:09:48",,121.2
"2019-04-22 16:10:30",102.9
"2019-04-22 16:57:26",,121.1
"2019-04-22 16:58:20",102.9
"2019-04-22 17:45:07",,121.1
"2019-04-22 17:46:11",103
"2019-04-22 18:32:52",,121.1
"2019-04-22 18:34:08",103.1
"2019-04-22 19:14:12",,120.1
"2019-04-22 19:18:55",102.2
"2019-04-22 19:50:47",,119.4
"2019-04-22 20:01:25",102.6
"2019-04-22 20:08:10",,119.3
"2019-04-22 20:21:39",101
"2019-04-22 20:22:12",,117.8
"2019-04-22 20:43:16",,115.3
"2019-04-22 20:45:22",99.4
"2019-04-22 21:01:43",,115.1
"2019-04-22 21:07:56",100.6
"2019-04-22 21:14:15",,117.7
"2019-04-22 21:27:45",,116.4
"2019-04-22 21:32:31",101.5
"2019-04-22 21:56:23",103.1
"2019-04-22 22:04:47",,121
"2019-04-22 22:17:16",100.8
"2019-04-22 22:18:11",,117.1
"2019-04-22 22:31:34",,118.9
"2019-04-22 22:38:55",102.6
"2019-04-22 22:50:53",,120.2
"2019-04-22 23:00:52",102
"2019-04-22 23:07:54",,119.4
"2019-04-22 23:24:44",103.2
"2019-04-22 23:31:47",,121.1
"2019-04-22 23:48:40",103.3
"2019-04-22 23:55:36",,121.1
"2019-04-23 00:12:36",103.2
"2019-04-23 00:19:33",,121
"2019-04-23 00:36:30",103.2
"2019-04-23 00:43:22",,121.1
"2019-04-23 00:58:41",102.5
"2019-04-23 00:58:59",,119.2
"2019-04-23 01:15:23",,119.9
"2019-04-23 01:21:07",102.7
"2019-04-23 01:33:35",,120.2
"2019-04-23 01:45:04",103.2
"2019-04-23 01:57:25",,121
"2019-04-23 02:09:02",103.4
"2019-04-23 02:21:18",,121.1
"2019-04-23 02:32:52",103.6
"2019-04-23 02:45:07",,121.1
"2019-04-23 02:56:47",103.7
"2019-04-23 03:09:03",,121.1
"2019-04-23 03:20:43",103.9
"2019-04-23 03:32:49",,121.1
"2019-04-23 03:44:36",104.1
"2019-04-23 03:56:38",,121.1
"2019-04-23 04:08:33",104
"2019-04-23 04:19:24",,121.1
"2019-04-23 04:30:09",102.6
"2019-04-23 04:37:07",,117.7
"2019-04-23 04:53:46",103.8
"2019-04-23 04:58:13",,120.9
"2019-04-23 05:17:22",102.7
"2019-04-23 05:18:16",,118.8
"2019-04-23 05:33:39",,118
"2019-04-23 05:38:22",102.8
"2019-04-23 05:50:38",,118.4
"2019-04-23 06:00:01",101.1
"2019-04-23 06:04:13",,115.9
"2019-04-23 06:19:21",,118.4
"2019-04-23 06:20:19",102.3
"2019-04-23 06:40:04",,117.4
"2019-04-23 06:44:05",101.5
"2019-04-23 07:01:33",,116.2
"2019-04-23 07:06:33",101.5
"2019-04-23 07:16:56",,116.6
"2019-04-23 07:30:27",101.6
"2019-04-23 07:39:11",,116.5
"2019-04-23 07:53:27",100.6
"2019-04-23 07:55:50",,115.9
"2019-04-23 08:10:10",,117.7
"2019-04-23 08:14:48",101.8
"2019-04-23 08:33:48",101.9
"2019-04-23 08:34:01",,117.5
"2019-04-23 08:55:03",100.6
"2019-04-23 08:57:52",,116.3
"2019-04-23 09:17:19",100.8
"2019-04-23 09:21:43",,116
"2019-04-23 09:37:41",101.1
"2019-04-23 09:45:33",,118
"2019-04-23 10:01:36",103.6
"2019-04-23 10:09:25",,121.4
"2019-04-23 10:25:31",103.5
"2019-04-23 10:33:15",,121.2
"2019-04-23 10:49:33",103.4
"2019-04-23 10:57:04",,121.3
"2019-04-23 11:13:26",103.5
"2019-04-23 11:20:55",,121.4
"2019-04-23 11:37:26",103.6
"2019-04-23 11:44:44",,121.4
"2019-04-23 12:01:17",103.7
"2019-04-23 12:08:34",,121.3
"2019-04-23 12:25:11",103.4
"2019-04-23 12:32:25",,121.2
"2019-04-23 12:49:08",103.5
"2019-04-23 12:56:14",,121.3
"2019-04-23 13:13:01",103.5
"2019-04-23 13:20:01",,121.4
"2019-04-23 13:36:59",103.7
"2019-04-23 13:43:51",,121.2
"2019-04-23 14:00:56",103.8
"2019-04-23 14:07:40",,121.5
"2019-04-23 14:24:51",103.8
"2019-04-23 14:31:32",,121.3
"2019-04-23 14:48:46",103.6
"2019-04-23 14:55:21",,121.1
"2019-04-23 15:12:41",103.9
"2019-04-23 15:19:12",,121.4
"2019-04-23 15:36:37",103.7
"2019-04-23 15:43:02",,121.2
"2019-04-23 16:00:31",103.8
"2019-04-23 16:06:53",,121.3
"2019-04-23 16:24:33",103.8
"2019-04-23 16:30:37",,121.4
"2019-04-23 16:48:25",103.7
"2019-04-23 16:54:28",,121
"2019-04-23 17:12:31",103.8
"2019-04-23 17:18:20",,121.2
"2019-04-23 17:36:19",103.6
"2019-04-23 17:42:11",,121.3
"2019-04-23 18:00:23",103.8
"2019-04-23 18:06:03",,121.2
"2019-04-23 18:23:21",103.1
"2019-04-23 18:29:59",,119
"2019-04-23 18:43:41",100.7
"2019-04-23 18:53:45",,117.3
"2019-04-23 19:05:25",102.2
"2019-04-23 19:09:39",,118.1
"2019-04-23 19:27:27",100.2
"2019-04-23 19:27:45",,115.5
"2019-04-23 19:42:47",,117.5
"2019-04-23 19:47:05",102.1
"2019-04-23 19:59:10",,118.1
"2019-04-23 20:11:01",100.6
"2019-04-23 20:19:11",,115.3
"2019-04-23 20:32:56",99.8
"2019-04-23 20:41:40",,114.5
"2019-04-23 20:55:09",99.4
"2019-04-23 21:04:54",,114.2
"2019-04-23 21:19:08",99.8
"2019-04-23 21:27:53",,114.6
"2019-04-23 21:43:03",99.4
"2019-04-23 21:50:01",,113.9
"2019-04-23 22:06:59",99.6
"2019-04-23 22:11:58",,114.5
"2019-04-23 22:24:15",,116.7
"2019-04-23 22:27:10",100.8
"2019-04-23 22:41:48",,115.2
"2019-04-23 22:49:00",101.9
"2019-04-23 23:02:09",,120.6
"2019-04-23 23:12:56",104.1
"2019-04-23 23:19:27",,120.2
"2019-04-23 23:33:00",101.6
"2019-04-23 23:34:47",,116.8
"2019-04-23 23:56:55",104
"2019-04-23 23:58:23",,121.2
"2019-04-24 00:20:51",104
"2019-04-24 00:22:08",,121.2
"2019-04-24 00:43:44",,120.9
"2019-04-24 00:44:50",103.9
"2019-04-24 01:07:12",,121
"2019-04-24 01:08:44",104
"2019-04-24 01:31:04",,121.1
"2019-04-24 01:32:38",104
"2019-04-24 01:54:53",,121.1
"2019-04-24 01:56:31",104.1
"2019-04-24 02:18:47",,121.1
"2019-04-24 02:20:28",104.1
"2019-04-24 02:42:34",,121.2
"2019-04-24 02:44:24",104.2
"2019-04-24 03:06:25",,121.1
"2019-04-24 03:08:21",104.2
"2019-04-24 03:30:16",,121.1
"2019-04-24 03:32:16",104.2
"2019-04-24 03:54:07",,121.1
"2019-04-24 03:56:12",104.3
"2019-04-24 04:17:56",,121.2
"2019-04-24 04:18:39",104.1
"2019-04-24 04:33:48",,117.2
"2019-04-24 04:39:15",101.8
"2019-04-24 04:48:08",,119.2
"2019-04-24 05:03:10",104.2
"2019-04-24 05:12:01",,121.2
"2019-04-24 05:24:33",103.7
"2019-04-24 05:27:09",,119.3
"2019-04-24 05:43:18",,119.2
"2019-04-24 05:47:32",102.7
"2019-04-24 05:54:26",,117.2
"2019-04-24 06:07:24",102.2
"2019-04-24 06:07:49",,118.7
"2019-04-24 06:22:22",,119.4
"2019-04-24 06:29:29",102.9
"2019-04-24 06:43:44",,117.1
"2019-04-24 06:53:22",100.7
"2019-04-24 07:07:33",,115.1
"2019-04-24 07:17:25",100.7
"2019-04-24 07:30:29",,116
"2019-04-24 07:40:42",101.1
"2019-04-24 07:47:20",,116.1
"2019-04-24 08:04:39",100.6
"2019-04-24 08:10:23",,115.3
"2019-04-24 08:28:32",100.5
"2019-04-24 08:31:49",,115.2
"2019-04-24 08:47:01",,119.1
"2019-04-24 08:50:04",103.2
"2019-04-24 09:07:10",,120.7
"2019-04-24 09:12:45",103.8
"2019-04-24 09:23:54",,119.3
"2019-04-24 09:35:10",102.4
"2019-04-24 09:35:45",,118.9
"2019-04-24 09:52:49",,120.1
"2019-04-24 09:57:52",103.3
"2019-04-24 10:16:40",,119.6
"2019-04-24 10:18:34",102.3
"2019-04-24 10:40:31",,120.5
"2019-04-24 10:42:29",103.9
"2019-04-24 11:04:21",,121.3
"2019-04-24 11:06:26",103.7
"2019-04-24 11:28:15",,121.1
"2019-04-24 11:30:23",103.8
"2019-04-24 11:52:04",,121.6
"2019-04-24 11:54:19",104
"2019-04-24 12:15:51",,121.5
"2019-04-24 12:18:15",103.8
"2019-04-24 12:39:46",,121.3
"2019-04-24 12:42:09",103.8
"2019-04-24 13:03:33",,121.5
"2019-04-24 13:06:07",103.6
"2019-04-24 13:26:21",102.5
"2019-04-24 13:27:25",,120.1
"2019-04-24 13:49:51",103.2
"2019-04-24 13:51:13",,120.3
"2019-04-24 14:14:02",103.7
"2019-04-24 14:15:01",,121.4
"2019-04-24 14:37:46",103.7
"2019-04-24 14:38:51",,121.1
"2019-04-24 15:01:40",103.7
"2019-04-24 15:02:40",,121.4
"2019-04-24 15:24:35",103.4
"2019-04-24 15:26:25",,120.9
"2019-04-24 15:48:35",103.8
"2019-04-24 15:50:16",,121.4
"2019-04-24 16:12:26",103.6
"2019-04-24 16:14:08",,121.2
"2019-04-24 16:36:30",103.7
"2019-04-24 16:38:00",,121.4
"2019-04-24 17:00:22",103.8
"2019-04-24 17:01:51",,121.2
"2019-04-24 17:24:23",103.6
"2019-04-24 17:25:41",,121.3
"2019-04-24 17:48:18",103.6
"2019-04-24 17:49:30",,121.4
"2019-04-24 18:10:17",100.9
"2019-04-24 18:13:19",,117.2
"2019-04-24 18:31:16",103.2
"2019-04-24 18:37:07",,121.2
"2019-04-24 18:55:08",103.6
"2019-04-24 19:00:57",,121.2
"2019-04-24 19:16:32",,119.9
"2019-04-24 19:17:22",102.9
"2019-04-24 19:33:52",,120.2
"2019-04-24 19:40:32",102.5
"2019-04-24 19:52:54",,117.7
"2019-04-24 20:03:13",102.2
"2019-04-24 20:10:40",,120.3
"2019-04-24 20:23:41",101.8
"2019-04-24 20:25:37",,117.8
"2019-04-24 20:39:07",,119
"2019-04-24 20:44:27",102.4
"2019-04-24 20:57:36",,117.4
"2019-04-24 21:08:22",99.2
"2019-04-24 21:13:44",,116
"2019-04-24 21:28:35",102.6
"2019-04-24 21:35:04",,120.9
"2019-04-24 21:50:46",100.4
"2019-04-24 21:51:29",,116.3
"2019-04-24 22:07:05",,118.6
"2019-04-24 22:11:49",102.5
"2019-04-24 22:30:55",,121.2
"2019-04-24 22:35:34",103.2
"2019-04-24 22:48:56",,119.1
"2019-04-24 22:59:27",102.4
"2019-04-24 23:10:11",,120.8
"2019-04-24 23:20:23",102.8
"2019-04-24 23:26:38",,119.1
"2019-04-24 23:41:32",,117.4
"2019-04-24 23:41:38",101.3
"2019-04-24 23:54:17",,118.4
"2019-04-25 00:03:07",102.5
"2019-04-25 00:17:28",,121.1
"2019-04-25 00:27:01",103.5
"2019-04-25 00:36:09",,120.1
"2019-04-25 00:49:17",102.8
"2019-04-25 00:52:08",,119.9
"2019-04-25 01:13:13",103.6
"2019-04-25 01:15:31",,121.2
"2019-04-25 01:31:37",,118.8
"2019-04-25 01:37:01",102.6
"2019-04-25 01:50:01",,119.6
"2019-04-25 01:59:11",102.8
"2019-04-25 02:07:51",,120.4
"2019-04-25 02:23:07",103.5
"2019-04-25 02:31:42",,121
"2019-04-25 02:47:04",103.6
"2019-04-25 02:55:36",,121.1
"2019-04-25 03:10:59",103.6
"2019-04-25 03:19:22",,121.1
"2019-04-25 03:34:56",103.7
"2019-04-25 03:43:14",,121.1
"2019-04-25 03:58:52",103.9
"2019-04-25 04:05:04",,121
"2019-04-25 04:22:41",101
"2019-04-25 04:24:10",,116.4
"2019-04-25 04:41:17",,116.1
"2019-04-25 04:44:32",101.6
"2019-04-25 05:03:26",,121
"2019-04-25 05:08:28",104
"2019-04-25 05:20:03",,119.7
"2019-04-25 05:30:39",102.2
"2019-04-25 05:35:15",,117.7
"2019-04-25 05:48:14",,116.8
"2019-04-25 05:51:25",100.9
"2019-04-25 05:58:32",,117.1
"2019-04-25 06:10:18",101.7
"2019-04-25 06:18:19",,117.4
"2019-04-25 06:32:16",102
"2019-04-25 06:42:11",,119.2
"2019-04-25 06:55:58",104
"2019-04-25 07:06:01",,119.4
"2019-04-25 07:20:06",101.5
"2019-04-25 07:29:53",,116.7
"2019-04-25 07:43:48",101.6
"2019-04-25 07:53:42",,116.4
"2019-04-25 08:07:45",100.8
"2019-04-25 08:17:33",,115.9
"2019-04-25 08:29:01",101.6
"2019-04-25 08:41:22",,117.1
"2019-04-25 08:49:58",101
"2019-04-25 09:05:11",,116.2
"2019-04-25 09:07:22",98.8
"2019-04-25 09:28:02",93.6
"2019-04-25 09:29:02",,105.8
"2019-04-25 09:43:39",95.8
"2019-04-25 09:52:50",,110.7
"2019-04-25 10:02:25",101.5
"2019-04-25 10:16:45",,118.7
"2019-04-25 10:25:18",102.1
"2019-04-25 10:40:31",,120.5
"2019-04-25 10:47:58",103.2
"2019-04-25 11:04:25",,119.6
"2019-04-25 11:10:00",102.7
"2019-04-25 11:28:14",,121.1
"2019-04-25 11:33:51",103.2
"2019-04-25 11:52:11",,121.5
"2019-04-25 11:57:45",103.5
"2019-04-25 12:15:56",,121.3
"2019-04-25 12:21:44",103.5
"2019-04-25 12:39:44",,121.3
"2019-04-25 12:45:39",103.5
"2019-04-25 13:03:35",,121.2
"2019-04-25 13:09:35",103.4
"2019-04-25 13:27:24",,120.4
"2019-04-25 13:32:19",102.6
"2019-04-25 13:51:15",,121.2
"2019-04-25 13:56:13",103
"2019-04-25 14:15:05",,121
"2019-04-25 14:20:08",103.3
"2019-04-25 14:38:53",,121.5
"2019-04-25 14:44:02",103.6
"2019-04-25 15:02:44",,121.1
"2019-04-25 15:08:05",103.4
"2019-04-25 15:26:32",,121.3
"2019-04-25 15:31:53",103.7
"2019-04-25 15:50:22",,121.5
"2019-04-25 15:55:50",103.7
"2019-04-25 16:14:16",,121.4
"2019-04-25 16:19:46",103.8
"2019-04-25 16:38:04",,121.6
"2019-04-25 16:43:44",103.9
"2019-04-25 17:01:52",,121.4
"2019-04-25 17:07:51",103.9
"2019-04-25 17:25:42",,121.3
"2019-04-25 17:31:38",103.9
"2019-04-25 17:49:32",,121.5
"2019-04-25 17:55:31",104
"2019-04-25 18:13:19",,121.3
"2019-04-25 18:19:27",103.8
"2019-04-25 18:37:11",,121.5
"2019-04-25 18:43:24",104.1
"2019-04-25 19:01:03",,121.2
"2019-04-25 19:04:37",102.6
"2019-04-25 19:13:21",,117.1
"2019-04-25 19:23:33",102.5
"2019-04-25 19:29:41",,119.3
"2019-04-25 19:45:36",103.8
"2019-04-25 19:49:16",,120.5
"2019-04-25 20:03:27",,116.2
"2019-04-25 20:07:31",100.7
"2019-04-25 20:17:08",,117.1
"2019-04-25 20:28:45",102.4
"2019-04-25 20:37:54",,118.4
"2019-04-25 20:50:49",101.2
"2019-04-25 20:55:57",,116.7
"2019-04-25 21:07:14",,117.3
"2019-04-25 21:10:43",101.8
"2019-04-25 21:23:09",,119.4
"2019-04-25 21:32:10",101.1
"2019-04-25 21:42:17",,114.9
"2019-04-25 21:50:58",100.6
"2019-04-25 21:54:21",,117.2
"2019-04-25 22:14:53",103.9
"2019-04-25 22:18:08",,121.4
"2019-04-25 22:33:06",,117.2
"2019-04-25 22:35:31",101.3
"2019-04-25 22:50:48",,116.9
"2019-04-25 22:55:53",102
"2019-04-25 23:05:01",,119.7
"2019-04-25 23:18:52",103.6
"2019-04-25 23:24:45",,120.1
"2019-04-25 23:38:51",,116.4
"2019-04-25 23:39:38",101.6
"2019-04-25 23:59:36",,121
"2019-04-26 00:03:35",104.1
"2019-04-26 00:15:51",,118.3
"2019-04-26 00:24:30",101.5
"2019-04-26 00:32:40",,118.2
"2019-04-26 00:48:15",104
"2019-04-26 00:56:36",,121.2
"2019-04-26 01:12:10",103.9
"2019-04-26 01:20:21",,121.1
"2019-04-26 01:36:10",103.9
"2019-04-26 01:44:39",,121.1
"2019-04-26 01:57:51",103.3
"2019-04-26 01:59:35",,119.4
"2019-04-26 02:21:47",103.9
"2019-04-26 02:23:26",,121.1
"2019-04-26 02:45:48",103.9
"2019-04-26 02:47:25",,121.1
"2019-04-26 03:09:38",104.1
"2019-04-26 03:11:17",,121.2
"2019-04-26 03:33:35",104.1
"2019-04-26 03:34:58",,121.1
"2019-04-26 03:57:29",104.1
"2019-04-26 03:58:50",,121.1
"2019-04-26 04:21:24",104.1
"2019-04-26 04:22:41",,121.2
"2019-04-26 04:42:09",,118.3
"2019-04-26 04:45:22",102.1
"2019-04-26 05:02:16",,118.9
"2019-04-26 05:07:46",103.3
"2019-04-26 05:19:38",,118
"2019-04-26 05:28:16",100.9
"2019-04-26 05:35:03",,117.2
"2019-04-26 05:52:11",104.1
"2019-04-26 05:58:55",,121.3
"2019-04-26 06:15:17",102.8
"2019-04-26 06:15:20",,118.9
"2019-04-26 06:37:07",,119.9
"2019-04-26 06:37:15",103.6
"2019-04-26 06:58:55",102.4
"2019-04-26 07:00:50",,119.2
"2019-04-26 07:19:53",102.6
"2019-04-26 07:24:43",,118.9
"2019-04-26 07:41:32",102.9
"2019-04-26 07:48:32",,119.1
"2019-04-26 08:04:11",100.7
"2019-04-26 08:12:30",,115.5
"2019-04-26 08:28:08",100.1
"2019-04-26 08:36:25",,115.4
"2019-04-26 08:52:05",100.1
"2019-04-26 09:00:03",,115.1
"2019-04-26 09:11:59",101.2
"2019-04-26 09:23:53",,118.2
"2019-04-26 09:32:48",102.6
"2019-04-26 09:47:43",,117.3
"2019-04-26 09:55:05",101.1
"2019-04-26 10:11:32",,118.4
"2019-04-26 10:17:18",101.9
"2019-04-26 10:35:25",,117.7
"2019-04-26 10:40:26",101.2
"2019-04-26 10:59:14",,118.1
"2019-04-26 11:01:58",101.6
"2019-04-26 11:22:42",100.9
"2019-04-26 11:23:03",,116.4
"2019-04-26 11:45:02",102
"2019-04-26 11:46:52",,118.6
"2019-04-26 12:08:56",100.7
"2019-04-26 12:10:52",,116.6
"2019-04-26 12:32:39",103.4
"2019-04-26 12:34:31",,120.5
"2019-04-26 12:56:40",103.5
"2019-04-26 12:58:20",,121.3
"2019-04-26 13:20:31",103.6
"2019-04-26 13:22:08",,121.3
"2019-04-26 13:44:24",103.7
"2019-04-26 13:46:00",,121.1
"2019-04-26 14:08:18",103.9
"2019-04-26 14:09:51",,121.6
"2019-04-26 14:32:18",103.7
"2019-04-26 14:33:42",,121.4
"2019-04-26 14:54:39",103.1
"2019-04-26 14:57:34",,120.4
"2019-04-26 15:18:38",104
"2019-04-26 15:21:23",,121.4
"2019-04-26 15:42:34",104
"2019-04-26 15:45:17",,121.5
"2019-04-26 16:06:24",104
"2019-04-26 16:09:08",,121.4
"2019-04-26 16:30:20",103.7
"2019-04-26 16:32:58",,121.3
"2019-04-26 16:54:14",104.1
"2019-04-26 16:56:47",,121.5
"2019-04-26 17:15:43",102.8
"2019-04-26 17:20:36",,120
"2019-04-26 17:39:41",103.6
"2019-04-26 17:44:28",,121.3
"2019-04-26 18:03:45",103.7
"2019-04-26 18:08:17",,121.4
"2019-04-26 18:27:34",103.7
"2019-04-26 18:32:07",,121.2
"2019-04-26 18:51:29",104
"2019-04-26 18:55:56",,121.3
"2019-04-26 19:15:22",104
"2019-04-26 19:19:48",,121.3
"2019-04-26 19:31:28",,118.1
"2019-04-26 19:38:48",102.8
"2019-04-26 19:48:31",,119.9
"2019-04-26 19:57:13",102.3
"2019-04-26 20:01:14",,118
"2019-04-26 20:19:09",101.9
"2019-04-26 20:19:46",,118.2
"2019-04-26 20:40:13",,115.4
"2019-04-26 20:41:54",100.4
"2019-04-26 20:56:00",,116
"2019-04-26 21:05:48",99.9
"2019-04-26 21:15:16",,114.6
"2019-04-26 21:29:40",99.6
"2019-04-26 21:31:48",,114.8
"2019-04-26 21:43:08",,115.7
"2019-04-26 21:49:08",101.3
"2019-04-26 21:54:25",,118.4
"2019-04-26 22:07:37",,118.7
"2019-04-26 22:11:01",102
"2019-04-26 22:25:49",,116.2
"2019-04-26 22:34:22",100.6
"2019-04-26 22:42:10",,116
"2019-04-26 22:58:17",100.1
"2019-04-26 23:02:55",,115
"2019-04-26 23:16:26",,116.9
"2019-04-26 23:19:08",101.3
"2019-04-26 23:31:36",,117.8
"2019-04-26 23:38:52",101.9
"2019-04-26 23:42:33",,118
"2019-04-26 23:58:49",,118.4
"2019-04-27 00:00:25",102.5
"2019-04-27 00:22:38",,121.2
"2019-04-27 00:24:23",104
"2019-04-27 00:46:30",,121.1
"2019-04-27 00:48:15",104
"2019-04-27 01:07:26",,119.7
"2019-04-27 01:11:51",102.9
"2019-04-27 01:25:26",,120.3
"2019-04-27 01:35:51",104
"2019-04-27 01:48:16",,120.9
"2019-04-27 01:59:39",104.2
"2019-04-27 02:12:07",,121.2
"2019-04-27 02:23:32",104.2
"2019-04-27 02:35:58",,121.1
"2019-04-27 02:47:30",104.2
"2019-04-27 02:59:49",,121.2
"2019-04-27 03:11:28",104.1
"2019-04-27 03:17:18",,120.1
"2019-04-27 03:33:51",103.6
"2019-04-27 03:37:23",,120.2
"2019-04-27 03:57:40",104.2
"2019-04-27 04:01:04",,121.1
"2019-04-27 04:21:35",104.2
"2019-04-27 04:24:57",,121.2
"2019-04-27 04:45:38",104.3
"2019-04-27 04:48:46",,121.2
"2019-04-27 05:09:29",104.2
"2019-04-27 05:12:36",,121.1
"2019-04-27 05:28:30",,119
"2019-04-27 05:31:05",102.6
"2019-04-27 05:47:11",,117.6
"2019-04-27 05:52:53",101.3
"2019-04-27 06:08:07",,115.1
"2019-04-27 06:15:33",100.8
"2019-04-27 06:32:00",,116
"2019-04-27 06:38:33",100.8
"2019-04-27 06:55:50",,118.6
"2019-04-27 07:01:24",103.1
"2019-04-27 07:19:43",,117.6
"2019-04-27 07:23:37",101.2
"2019-04-27 07:43:33",,115.6
"2019-04-27 07:47:33",100.6
"2019-04-27 08:07:23",,116.2
"2019-04-27 08:10:41",101
"2019-04-27 08:31:15",,116.8
"2019-04-27 08:34:36",101.3
"2019-04-27 08:55:09",,116.5
"2019-04-27 08:58:37",101.1
"2019-04-27 09:18:59",,116.1
"2019-04-27 09:21:32",101.3
"2019-04-27 09:42:46",102.4
"2019-04-27 09:42:47",,118.5
"2019-04-27 10:04:37",102.5
"2019-04-27 10:06:35",,119
"2019-04-27 10:28:32",102.8
"2019-04-27 10:30:24",,119.4
"2019-04-27 10:48:28",103
"2019-04-27 10:54:15",,120
"2019-04-27 11:12:28",104.1
"2019-04-27 11:18:05",,121.6
"2019-04-27 11:36:06",102.5
"2019-04-27 11:41:51",,118.6
"2019-04-27 11:56:24",103.4
"2019-04-27 12:05:43",,121.4
"2019-04-27 12:19:41",102.4
"2019-04-27 12:29:35",,117.1
"2019-04-27 12:42:58",100.9
"2019-04-27 12:53:27",,116.5
"2019-04-27 13:04:22",101.7
"2019-04-27 13:17:16",,118.3
"2019-04-27 13:26:51",102.6
"2019-04-27 13:41:06",,119.6
"2019-04-27 13:47:43",102.6
"2019-04-27 14:04:58",,120.9
"2019-04-27 14:11:00",103.3
"2019-04-27 14:28:47",,120.3
"2019-04-27 14:34:33",103.3
"2019-04-27 14:52:40",,120.8
"2019-04-27 14:58:29",103.6
"2019-04-27 15:16:29",,120.2
"2019-04-27 15:19:36",103
"2019-04-27 15:40:22",,120
"2019-04-27 15:41:53",102.9
"2019-04-27 16:04:11",,118.2
"2019-04-27 16:04:36",102.1
"2019-04-27 16:27:59",,121.4
"2019-04-27 16:28:32",103.7
"2019-04-27 16:51:47",,121.2
"2019-04-27 16:52:29",103.6
"2019-04-27 17:15:37",,121.3
"2019-04-27 17:16:25",103.7
"2019-04-27 17:39:14",103.3
"2019-04-27 17:39:27",,121
"2019-04-27 18:02:33",102.6
"2019-04-27 18:03:21",,119.3
"2019-04-27 18:26:29",103.3
"2019-04-27 18:27:08",,121.1
"2019-04-27 18:48:03",102.6
"2019-04-27 18:50:57",,119.7
"2019-04-27 19:11:54",103.9
"2019-04-27 19:14:46",,121.5
"2019-04-27 19:31:26",,119.8
"2019-04-27 19:35:47",103.4
"2019-04-27 19:55:14",,121.2
"2019-04-27 19:59:39",103.6
"2019-04-27 20:17:16",,120.9
"2019-04-27 20:23:35",103.9
"2019-04-27 20:36:44",,120.3
"2019-04-27 20:44:27",102.5
"2019-04-27 20:48:16",,118
"2019-04-27 21:08:24",103.9
"2019-04-27 21:12:04",,121.4
"2019-04-27 21:30:39",,118.1
"2019-04-27 21:30:59",101.8
"2019-04-27 21:48:37",,119.7
"2019-04-27 21:54:06",103.5
"2019-04-27 22:07:29",,119.1
"2019-04-27 22:17:12",100.9
"2019-04-27 22:25:09",,117.6
"2019-04-27 22:38:52",102.5
"2019-04-27 22:43:12",,119
"2019-04-27 22:56:16",,119.7
"2019-04-27 23:00:12",102.4
"2019-04-27 23:13:11",,116.9
"2019-04-27 23:19:05",100.9
"2019-04-27 23:29:41",,118.3
"2019-04-27 23:43:01",103.7
"2019-04-27 23:53:39",,121.1
"2019-04-28 00:06:55",103.8
"2019-04-28 00:12:40",,120.2
"2019-04-28 00:27:35",101.1
"2019-04-28 00:31:37",,116.4
"2019-04-28 00:49:31",103.8
"2019-04-28 00:50:50",,120.9
"2019-04-28 01:13:27",104
"2019-04-28 01:14:45",,121.1
"2019-04-28 01:29:28",,117
"2019-04-28 01:32:41",101.9
"2019-04-28 01:45:11",,119.7
"2019-04-28 01:56:40",104.1
"2019-04-28 02:07:41",,121
"2019-04-28 02:19:44",103.8
"2019-04-28 02:29:19",,120.7
"2019-04-28 02:43:39",104.1
"2019-04-28 02:53:08",,121.1
"2019-04-28 03:07:36",104
"2019-04-28 03:15:56",,120.8
"2019-04-28 03:31:34",103.9
"2019-04-28 03:39:49",,121.2
"2019-04-28 03:55:29",104
"2019-04-28 04:03:42",,121.1
"2019-04-28 04:19:26",104
"2019-04-28 04:27:34",,121.1
"2019-04-28 04:43:27",104.1
"2019-04-28 04:51:25",,121.2
"2019-04-28 05:06:32",104
"2019-04-28 05:11:17",,120.3
"2019-04-28 05:30:29",103.1
"2019-04-28 05:31:25",,119
"2019-04-28 05:53:29",,120.4
"2019-04-28 05:54:25",103.7
"2019-04-28 06:15:23",,120.2
"2019-04-28 06:18:32",104
"2019-04-28 06:35:20",,120.7
"2019-04-28 06:40:14",102.7
"2019-04-28 06:54:56",,115.8
"2019-04-28 07:01:37",101.4
"2019-04-28 07:07:58",,117.7
"2019-04-28 07:23:39",,119.4
"2019-04-28 07:25:38",103.4
"2019-04-28 07:42:04",,118.7
"2019-04-28 07:46:16",101.6
"2019-04-28 07:57:25",,118
"2019-04-28 08:08:25",103.8
"2019-04-28 08:18:49",,120.5
"2019-04-28 08:30:17",,118
"2019-04-28 08:32:21",103.1
"2019-04-28 08:50:13",,121.1
"2019-04-28 08:55:19",104
"2019-04-28 09:03:36",,119.6
"2019-04-28 09:17:07",102.7
"2019-04-28 09:21:24",,118
"2019-04-28 09:40:03",102.2
"2019-04-28 09:44:39",,118.4
"2019-04-28 10:04:06",104.1
"2019-04-28 10:08:35",,121.2
"2019-04-28 10:24:20",101.3
"2019-04-28 10:32:21",,117.1
"2019-04-28 10:45:13",101.3
"2019-04-28 10:56:12",,115.7
"2019-04-28 11:09:03",101.1
"2019-04-28 11:20:02",,115.9
"2019-04-28 11:29:39",100.9
"2019-04-28 11:43:55",,118
"2019-04-28 11:52:50",103.8
"2019-04-28 12:07:47",,120.4
"2019-04-28 12:16:46",101.5
"2019-04-28 12:31:31",,115.7
"2019-04-28 12:37:15",101.2
"2019-04-28 12:55:28",,117.6
"2019-04-28 12:58:59",102.9
"2019-04-28 13:19:15",,121.2
"2019-04-28 13:23:06",104
"2019-04-28 13:43:09",,121.3
"2019-04-28 13:46:50",104
"2019-04-28 14:06:59",,121.4
"2019-04-28 14:10:43",103.9
"2019-04-28 14:30:59",,120.5
"2019-04-28 14:34:38",103.5
"2019-04-28 14:54:43",,121.4
"2019-04-28 14:58:34",103.9
"2019-04-28 15:18:32",,120.8
"2019-04-28 15:22:28",103.5
"2019-04-28 15:42:25",,121.6
"2019-04-28 15:46:26",104
"2019-04-28 16:06:18",,121.3
"2019-04-28 16:10:22",103.8
"2019-04-28 16:30:08",,121.4
"2019-04-28 16:34:19",103.9
"2019-04-28 16:53:58",,121.7
"2019-04-28 16:57:39",104
"2019-04-28 17:17:48",,119.1
"2019-04-28 17:20:55",102.3
"2019-04-28 17:41:39",,121.5
"2019-04-28 17:44:49",103.7
"2019-04-28 18:05:31",,120.1
"2019-04-28 18:08:05",103
"2019-04-28 18:29:21",,120.8
"2019-04-28 18:32:06",104.1
"2019-04-28 18:53:12",,121.5
"2019-04-28 18:55:57",104.2
"2019-04-28 19:17:08",,121.2
"2019-04-28 19:19:51",103.9
"2019-04-28 19:36:13",,119.9
"2019-04-28 19:43:46",102.1
"2019-04-28 19:52:22",,117.4
"2019-04-28 20:06:18",103.1
"2019-04-28 20:14:46",,121.1
"2019-04-28 20:30:15",103.9
"2019-04-28 20:35:23",,120.9
"2019-04-28 20:48:19",,118.1
"2019-04-28 20:52:36",102.7
"2019-04-28 21:12:13",,121.2
"2019-04-28 21:16:29",104
"2019-04-28 21:32:34",,120.6
"2019-04-28 21:40:35",103.5
"2019-04-28 21:49:08",,118.8
"2019-04-28 22:01:59",103
"2019-04-28 22:05:22",,120.2
"2019-04-28 22:22:19",,120.2
"2019-04-28 22:24:49",103.6
"2019-04-28 22:46:09",,121.2
"2019-04-28 22:48:39",103.8
"2019-04-28 23:10:02",,121.1
"2019-04-28 23:12:33",103.7
"2019-04-28 23:33:51",,121.1
"2019-04-28 23:36:29",103.8
"2019-04-28 23:57:42",,121.3
"2019-04-29 00:00:29",103.8
"2019-04-29 00:21:31",,121.1
"2019-04-29 00:24:25",103.9
"2019-04-29 00:45:26",,121.1
"2019-04-29 00:48:25",103.7
"2019-04-29 01:06:51",,121.2
"2019-04-29 01:12:18",103.7
"2019-04-29 01:30:44",,121.1
"2019-04-29 01:36:15",103.5
"2019-04-29 01:53:24",,120.9
"2019-04-29 02:00:16",103.8
"2019-04-29 02:17:13",,121.2
"2019-04-29 02:24:03",103.8
"2019-04-29 02:41:07",,121.2
"2019-04-29 02:47:53",103.8
"2019-04-29 03:04:58",,121.1
"2019-04-29 03:11:46",103.7
"2019-04-29 03:28:49",,121.1
"2019-04-29 03:35:41",103.8
"2019-04-29 03:52:39",,121.1
"2019-04-29 03:59:37",103.9
"2019-04-29 04:16:28",,121.2
"2019-04-29 04:22:15",103.5
"2019-04-29 04:34:21",,118.4
"2019-04-29 04:43:25",101.8
"2019-04-29 04:49:03",,118.5
"2019-04-29 05:05:55",103.4
"2019-04-29 05:07:34",,120.2
"2019-04-29 05:25:56",,118.8
"2019-04-29 05:28:14",102.5
"2019-04-29 05:38:58",,119.2
"2019-04-29 05:47:54",101.7
"2019-04-29 05:49:46",,117.2
"2019-04-29 06:08:13",,119.2
"2019-04-29 06:09:05",102.5
"2019-04-29 06:20:15",,119.7
"2019-04-29 06:32:04",102.2
"2019-04-29 06:41:18",,118.1
"2019-04-29 06:56:02",101.1
"2019-04-29 07:02:07",,116.6
"2019-04-29 07:19:57",100.5
"2019-04-29 07:25:01",,115.7
"2019-04-29 07:40:56",,116.5
"2019-04-29 07:42:28",101.3
"2019-04-29 08:03:35",,121
"2019-04-29 08:04:29",103.4
"2019-04-29 08:18:11",,118.2
"2019-04-29 08:28:24",102.8
"2019-04-29 08:40:39",,121.3
"2019-04-29 08:52:22",103.8
"2019-04-29 09:04:31",,121.3
"2019-04-29 09:12:56",102.9
"2019-04-29 09:18:39",,119.3
"2019-04-29 09:33:05",,120.3
"2019-04-29 09:34:57",102.9
"2019-04-29 09:42:44",,118
"2019-04-29 09:58:54",103.1
"2019-04-29 10:01:44",,120.4
"2019-04-29 10:22:52",103.9
"2019-04-29 10:25:36",,121.3
"2019-04-29 10:46:45",103.5
"2019-04-29 10:49:26",,121.2
"2019-04-29 11:10:43",103.6
"2019-04-29 11:13:17",,121.4
"2019-04-29 11:34:35",103.3
"2019-04-29 11:37:07",,121.2
"2019-04-29 11:52:55",,117.7
"2019-04-29 11:55:00",101.4
"2019-04-29 12:10:35",,120.1
"2019-04-29 12:18:52",103.1
"2019-04-29 12:34:22",,121.2
"2019-04-29 12:42:49",103.3
"2019-04-29 12:58:15",,121.1
"2019-04-29 13:06:46",103.4
"2019-04-29 13:22:04",,121.3
"2019-04-29 13:30:39",103.4
"2019-04-29 13:45:53",,121.2
"2019-04-29 13:54:36",103.4
"2019-04-29 14:09:46",,121.3
"2019-04-29 14:18:29",103.2
"2019-04-29 14:33:37",,121.4
"2019-04-29 14:42:27",103.3
"2019-04-29 14:57:28",,121.2
"2019-04-29 15:06:17",103.2
"2019-04-29 15:21:19",,121.4
"2019-04-29 15:30:17",103.5
"2019-04-29 15:42:12",,120.7
"2019-04-29 15:54:09",103.5
"2019-04-29 16:05:57",,121.2
"2019-04-29 16:18:11",103.2
"2019-04-29 16:29:32",,120.8
"2019-04-29 16:42:12",103.5
"2019-04-29 16:53:19",,121.1
"2019-04-29 17:06:00",103.3
"2019-04-29 17:13:04",,120.5
"2019-04-29 17:29:35",103
"2019-04-29 17:33:50",,120.6
"2019-04-29 17:50:04",,117.5
"2019-04-29 17:52:41",101.5
"2019-04-29 18:09:32",,120.6
"2019-04-29 18:16:35",103.2
"2019-04-29 18:33:17",,121.2
"2019-04-29 18:40:35",103
"2019-04-29 18:57:05",,121.3
"2019-04-29 19:04:28",103.2
"2019-04-29 19:20:57",,121.2
"2019-04-29 19:28:15",102.3
"2019-04-29 19:39:46",,117.5
"2019-04-29 19:49:57",101.4
"2019-04-29 19:54:40",,118.9
"2019-04-29 19:57:38",,121.4
"2019-04-29 19:58:54",103.5
"2019-04-29 20:00:36",,121.1
"2019-04-29 20:01:15",102
"2019-04-29 20:03:35",,120.3
"2019-04-29 20:04:18",101.3
"2019-04-29 20:04:37",,119.1
"2019-04-29 20:05:16",,117.9
"2019-04-29 20:06:10",,116.6
"2019-04-29 20:06:13",102.5
"2019-04-29 20:08:29",,117.9
"2019-04-29 20:09:13",,119
"2019-04-29 20:09:25",103.2
"2019-04-29 20:10:18",,120.1
"2019-04-29 20:12:18",103.5
"2019-04-29 20:13:16",,121.1
"2019-04-29 20:15:13",103.5
"2019-04-29 20:16:14",,121.2
"2019-04-29 20:18:08",103.6
"2019-04-29 20:19:13",,121.2
"2019-04-29 20:21:08",103.3
"2019-04-29 20:22:12",,121.2
"2019-04-29 20:23:59",102
"2019-04-29 20:25:11",,121.1
"2019-04-29 20:26:03",100.8
"2019-04-29 20:27:11",,119.8
"2019-04-29 20:27:41",,118.5
"2019-04-29 20:28:24",,117.2
"2019-04-29 20:29:03",100.1
"2019-04-29 20:31:20",,115.6
"2019-04-29 20:32:03",100.4
"2019-04-29 20:34:19",,116
"2019-04-29 20:35:02",101
"2019-04-29 20:37:18",,117.4
"2019-04-29 20:37:48",99.8
"2019-04-29 20:40:16",,116.1
"2019-04-29 20:40:46",99.4
"2019-04-29 20:43:15",,114.9
"2019-04-29 20:43:46",100.4
"2019-04-29 20:45:14",101.5
"2019-04-29 20:46:13",,114.8
"2019-04-29 20:47:03",102.7
"2019-04-29 20:49:12",,118.8
"2019-04-29 20:49:58",103
"2019-04-29 20:52:11",,121.2
"2019-04-29 20:52:58",103.5
"2019-04-29 20:55:09",,121.6
"2019-04-29 20:55:57",103.5
"2019-04-29 20:58:07",,121.3
"2019-04-29 20:58:57",103.7
"2019-04-29 21:01:07",,121.1
"2019-04-29 21:02:02",103.7
"2019-04-29 21:04:06",,121.7
"2019-04-29 21:04:57",103.3
"2019-04-29 21:07:05",,121.5
"2019-04-29 21:08:05",103.3
"2019-04-29 21:10:04",,120.6
"2019-04-29 21:10:55",103.6
"2019-04-29 21:13:03",,121.2
"2019-04-29 21:13:55",103.7
"2019-04-29 21:16:01",,121.3
"2019-04-29 21:16:54",103.6
"2019-04-29 21:19:01",,121.5
"2019-04-29 21:19:54",102.8
"2019-04-29 21:21:12",101.5
"2019-04-29 21:21:59",,121.2
"2019-04-29 21:24:06",101.1
"2019-04-29 21:24:57",,117.3
"2019-04-29 21:27:03",100.5
"2019-04-29 21:27:55",,116.7
"2019-04-29 21:28:04",101.6
"2019-04-29 21:30:03",102.8
"2019-04-29 21:30:54",,116.1
"2019-04-29 21:33:05",103.3
"2019-04-29 21:33:52",,120.4
"2019-04-29 21:35:35",102.1
"2019-04-29 21:36:56",,121.2
"2019-04-29 21:38:35",103.1
"2019-04-29 21:39:50",,118.3
"2019-04-29 21:41:35",103.6
"2019-04-29 21:42:48",,121
"2019-04-29 21:44:34",103.8
"2019-04-29 21:45:47",,121.5
"2019-04-29 21:47:34",103.5
"2019-04-29 21:48:46",,121.7
"2019-04-29 21:50:34",103.7
"2019-04-29 21:51:48",,121.2
"2019-04-29 21:53:33",103.7
"2019-04-29 21:54:44",,121.4
"2019-04-29 21:56:33",103.5
"2019-04-29 21:57:44",,121.3
"2019-04-29 21:59:32",103.5
"2019-04-29 22:00:43",,121.1
"2019-04-29 22:02:36",103.4
"2019-04-29 22:03:42",,121.2
"2019-04-29 22:05:31",103.4
"2019-04-29 22:06:41",,121.1
"2019-04-29 22:08:30",103.6
"2019-04-29 22:09:41",,121.1
"2019-04-29 22:11:30",103.7
"2019-04-29 22:12:39",,121.4
"2019-04-29 22:14:29",103.5
"2019-04-29 22:15:37",,121.5
"2019-04-29 22:17:29",103.5
"2019-04-29 22:18:36",,121.1
"2019-04-29 22:20:28",103.4
"2019-04-29 22:21:40",,121.3
"2019-04-29 22:23:28",103.4
"2019-04-29 22:24:38",,121.2
"2019-04-29 22:26:27",103.4
"2019-04-29 22:27:35",,121.2
"2019-04-29 22:28:54",102.2
"2019-04-29 22:30:30",,121.1
"2019-04-29 22:31:49",102.2
"2019-04-29 22:33:28",,117.7
"2019-04-29 22:34:48",103
"2019-04-29 22:36:27",,119.8
"2019-04-29 22:37:47",103.3
"2019-04-29 22:39:26",,121.2
"2019-04-29 22:40:46",103.5
"2019-04-29 22:42:24",,121.3
"2019-04-29 22:43:46",103.5
"2019-04-29 22:45:27",,121.7
"2019-04-29 22:46:46",103.5
"2019-04-29 22:48:21",,121.4
"2019-04-29 22:49:45",103.5
"2019-04-29 22:51:20",,121.6
"2019-04-29 22:52:45",103.5
"2019-04-29 22:54:20",,121.5
"2019-04-29 22:55:44",103.7
"2019-04-29 22:57:19",,121.6
"2019-04-29 22:58:43",103.5
"2019-04-29 23:00:19",,121.6
"2019-04-29 23:01:42",103.4
"2019-04-29 23:03:18",,121.2
"2019-04-29 23:04:42",102.8
"2019-04-29 23:06:17",,121.1
"2019-04-29 23:07:42",103
"2019-04-29 23:09:17",,119.2
"2019-04-29 23:09:22",101.8
"2019-04-29 23:10:41",100.6
"2019-04-29 23:12:19",,120.5
"2019-04-29 23:13:41",99.5
"2019-04-29 23:15:14",,115.5
"2019-04-29 23:16:41",100.1
"2019-04-29 23:18:14",,114.6
"2019-04-29 23:18:21",101.3
"2019-04-29 23:20:02",102.4
"2019-04-29 23:21:13",,116.5
"2019-04-29 23:23:02",102.9
"2019-04-29 23:24:11",,120.3
"2019-04-29 23:26:01",103.3
"2019-04-29 23:27:10",,121.1
"2019-04-29 23:28:37",102
"2019-04-29 23:30:09",,121.3
"2019-04-29 23:30:12",100.8
"2019-04-29 23:33:08",,117.4
"2019-04-29 23:33:12",99.8
"2019-04-29 23:36:04",100.9
"2019-04-29 23:36:08",,115.1
"2019-04-29 23:37:09",102
"2019-04-29 23:39:07",,115.5
"2019-04-29 23:40:09",102.8
"2019-04-29 23:42:06",,120.5
"2019-04-29 23:43:13",103.1
"2019-04-29 23:45:04",,120.9
"2019-04-29 23:46:11",103.5
"2019-04-29 23:48:02",,121.4
"2019-04-29 23:49:07",103.6
"2019-04-29 23:51:00",,121.6
"2019-04-29 23:52:07",103.6
"2019-04-29 23:54:03",,121.6
"2019-04-29 23:55:10",103.5
"2019-04-29 23:57:02",,121.3
"2019-04-29 23:58:06",103.4
"2019-04-29 23:59:57",,121.2