"Time","DCW","TMV DCW Inlet"
"2019-04-21 23:28:45",,66.3
"2019-04-21 23:40:01",93.6
"2019-04-22 00:09:44",96.2
"2019-04-22 00:16:22",,67.4
"2019-04-22 00:35:28",97.7
"2019-04-22 00:55:06",113.6
"2019-04-22 01:03:55",,68.4
"2019-04-22 01:30:41",99.5
"2019-04-22 01:51:29",,69.3
"2019-04-22 02:05:04",73.6
"2019-04-22 02:39:04",,70.6
"2019-04-22 02:40:03",70.6
"2019-04-22 03:06:02",113.6
"2019-04-22 03:26:38",,72.8
"2019-04-22 03:54:02",58
"2019-04-22 04:14:11",,73.4
"2019-04-22 04:40:12",82
"2019-04-22 05:01:47",,73.6
"2019-04-22 05:20:31",72.2
"2019-04-22 05:31:23",150.2
"2019-04-22 05:38:41",168.6
"2019-04-22 05:49:19",,71.2
"2019-04-22 05:53:28",85.9
"2019-04-22 06:17:02",81.8
"2019-04-22 06:29:29",,65.5
"2019-04-22 07:02:52",71.1
"2019-04-22 07:08:15",,62.6
"2019-04-22 07:50:01",,61.2
"2019-04-22 07:50:52",52.8
"2019-04-22 08:33:57",,60
"2019-04-22 08:38:58",56.3
"2019-04-22 09:16:02",,59.4
"2019-04-22 09:26:58",52.2
"2019-04-22 09:54:27",,59.4
"2019-04-22 10:15:02",104.8
"2019-04-22 10:39:16",,59.7
"2019-04-22 11:03:04",52.5
"2019-04-22 11:26:19",,59.6
"2019-04-22 11:51:09",52.6
"2019-04-22 12:08:16",,60
"2019-04-22 12:39:11",53
"2019-04-22 12:50:53",,61
"2019-04-22 13:27:12",55.6
"2019-04-22 13:33:50",,60.7
"2019-04-22 14:13:40",,60.7
"2019-04-22 14:15:09",52.8
"2019-04-22 14:55:34",,60.6
"2019-04-22 15:03:17",63.1
"2019-04-22 15:36:52",,60.2
"2019-04-22 15:51:11",52.7
"2019-04-22 16:17:09",,60.1
"2019-04-22 16:39:15",52.9
"2019-04-22 16:58:15",,60.4
"2019-04-22 17:27:18",53
"2019-04-22 17:43:32",,61.1
"2019-04-22 18:15:17",53
"2019-04-22 18:26:25",,61.3
"2019-04-22 19:03:21",52.8
"2019-04-22 19:08:10",,61
"2019-04-22 19:51:24",53.5
"2019-04-22 19:52:36",,63.6
"2019-04-22 20:18:26",53.1
"2019-04-22 20:19:20",,63.9
"2019-04-22 20:40:08",,61.5
"2019-04-22 20:42:25",53
"2019-04-22 21:03:48",,61.8
"2019-04-22 21:06:28",53.2
"2019-04-22 21:30:29",53.5
"2019-04-22 21:30:33",,63.4
"2019-04-22 21:54:18",,65.4
"2019-04-22 21:54:40",54.4
"2019-04-22 22:18:06",,66.8
"2019-04-22 22:18:32",53.9
"2019-04-22 22:40:19",,66.7
"2019-04-22 22:42:34",54.4
"2019-04-22 23:04:06",,67.2
"2019-04-22 23:06:35",54.8
"2019-04-22 23:27:53",,68.7
"2019-04-22 23:30:35",55.2
"2019-04-22 23:51:42",,69.5
"2019-04-22 23:54:36",55.7
"2019-04-23 00:12:12",85.2
"2019-04-23 00:15:32",,70.5
"2019-04-23 00:21:01",171.8
"2019-04-23 00:26:45",159.3
"2019-04-23 00:27:40",159.2
"2019-04-23 00:28:45",72
"2019-04-23 00:29:59",71.3
"2019-04-23 00:31:19",74.4
"2019-04-23 00:32:49",77.9
"2019-04-23 00:34:13",74.1
"2019-04-23 00:35:03",72.6
"2019-04-23 00:36:38",72.3
"2019-04-23 00:38:47",75.2
"2019-04-23 00:39:23",,70.8
"2019-04-23 00:40:12",111.8
"2019-04-23 00:41:12",172.5
"2019-04-23 00:43:16",184.1
"2019-04-23 01:01:38",128.7
"2019-04-23 01:03:04",,71.1
"2019-04-23 01:25:40",55.5
"2019-04-23 01:26:53",,71.5
"2019-04-23 01:49:39",76.6
"2019-04-23 01:50:43",,72.2
"2019-04-23 02:13:43",108.4
"2019-04-23 02:14:30",,73
"2019-04-23 02:37:42",79
"2019-04-23 02:38:13",,73.1
"2019-04-23 03:01:42",59.7
"2019-04-23 03:02:02",,72.3
"2019-04-23 03:25:44",60
"2019-04-23 03:25:51",,73.2
"2019-04-23 03:49:39",,74.2
"2019-04-23 03:49:43",60.4
"2019-04-23 04:13:26",,75.1
"2019-04-23 04:13:43",59.7
"2019-04-23 04:37:13",,75.5
"2019-04-23 04:37:43",56.4
"2019-04-23 05:01:03",,75.7
"2019-04-23 05:01:44",60.4
"2019-04-23 05:24:51",,73.8
"2019-04-23 05:25:43",89.3
"2019-04-23 05:43:27",,69.4
"2019-04-23 05:49:44",65.3
"2019-04-23 06:04:05",,64.7
"2019-04-23 06:13:47",53.1
"2019-04-23 06:26:45",,64
"2019-04-23 06:37:43",52.4
"2019-04-23 06:50:33",,61.6
"2019-04-23 07:01:55",52.8
"2019-04-23 07:12:54",,62
"2019-04-23 07:25:48",53.1
"2019-04-23 07:31:04",,61.3
"2019-04-23 07:49:47",53.2
"2019-04-23 07:54:53",,61
"2019-04-23 08:13:47",53.5
"2019-04-23 08:17:05",,60.6
"2019-04-23 08:37:48",53.3
"2019-04-23 08:38:20",,61.7
"2019-04-23 09:01:17",,59.7
"2019-04-23 09:01:48",53.1
"2019-04-23 09:22:38",,59.8
"2019-04-23 09:25:50",53.5
"2019-04-23 09:42:20",,61.1
"2019-04-23 09:49:52",53.6
"2019-04-23 10:00:36",,59.7
"2019-04-23 10:13:53",53.3
"2019-04-23 10:20:21",,60.1
"2019-04-23 10:37:57",53.5
"2019-04-23 10:43:05",,60.4
"2019-04-23 11:01:54",53.6
"2019-04-23 11:04:59",,60
"2019-04-23 11:25:57",53.5
"2019-04-23 11:26:50",,60
"2019-04-23 11:45:54",,60.4
"2019-04-23 11:49:55",53.6
"2019-04-23 12:09:40",,60.9
"2019-04-23 12:13:56",53.6
"2019-04-23 12:31:16",,60.3
"2019-04-23 12:37:53",53.8
"2019-04-23 12:53:35",,61.3
"2019-04-23 13:01:54",54.3
"2019-04-23 13:11:38",,60.5
"2019-04-23 13:25:51",53.6
"2019-04-23 13:33:46",,61.1
"2019-04-23 13:49:49",53.5
"2019-04-23 13:52:57",,60.3
"2019-04-23 14:13:12",,60.4
"2019-04-23 14:13:48",53.5
"2019-04-23 14:32:51",,61
"2019-04-23 14:37:48",53.6
"2019-04-23 14:53:55",,60.8
"2019-04-23 15:01:47",53.5
"2019-04-23 15:16:43",,60.7
"2019-04-23 15:25:46",53.8
"2019-04-23 15:38:14",,61.7
"2019-04-23 15:49:45",53.9
"2019-04-23 15:59:02",,60.7
"2019-04-23 16:13:46",53.8
"2019-04-23 16:19:45",,61.3
"2019-04-23 16:37:52",54
"2019-04-23 16:39:20",,61.6
"2019-04-23 17:01:50",53.9
"2019-04-23 17:02:31",,61.7
"2019-04-23 17:22:11",,61.2
"2019-04-23 17:25:48",54
"2019-04-23 17:44:01",,61.3
"2019-04-23 17:49:51",53.7
"2019-04-23 18:07:43",,60.5
"2019-04-23 18:13:53",53.6
"2019-04-23 18:31:32",,61.8
"2019-04-23 18:37:53",54.1
"2019-04-23 18:54:48",,64.9
"2019-04-23 19:01:53",54.2
"2019-04-23 19:13:44",,62.9
"2019-04-23 19:25:56",54
"2019-04-23 19:37:33",,62.2
"2019-04-23 19:49:55",53.6
"2019-04-23 20:01:23",,63.3
"2019-04-23 20:13:56",53.6
"2019-04-23 20:25:12",,64.2
"2019-04-23 20:37:57",53.6
"2019-04-23 20:47:23",,62
"2019-04-23 21:01:58",53.6
"2019-04-23 21:09:05",,61.9
"2019-04-23 21:26:00",53.6
"2019-04-23 21:32:51",,63.1
"2019-04-23 21:50:00",54
"2019-04-23 21:56:49",,64.8
"2019-04-23 22:14:04",54.2
"2019-04-23 22:19:22",,64.4
"2019-04-23 22:38:00",54.1
"2019-04-23 22:43:10",,65
"2019-04-23 23:02:01",55
"2019-04-23 23:06:41",,66.3
"2019-04-23 23:26:04",54.6
"2019-04-23 23:30:31",,67.8
"2019-04-23 23:50:01",55.4
"2019-04-23 23:54:18",,68.7
"2019-04-24 00:14:03",55.7
"2019-04-24 00:18:06",,69.5
"2019-04-24 00:38:04",55.8
"2019-04-24 00:41:53",,69.9
"2019-04-24 01:02:07",56.5
"2019-04-24 01:05:43",,70.4
"2019-04-24 01:26:09",57.5
"2019-04-24 01:29:30",,71.1
"2019-04-24 01:49:34",58.1
"2019-04-24 01:50:24",146.9
"2019-04-24 01:51:24",179.7
"2019-04-24 01:53:17",,71.7
"2019-04-24 02:02:26",212
"2019-04-24 02:09:19",154.8
"2019-04-24 02:16:00",137.2
"2019-04-24 02:17:05",,72.9
"2019-04-24 02:40:03",59.1
"2019-04-24 02:40:52",,73.2
"2019-04-24 03:04:04",59.8
"2019-04-24 03:04:39",,73.9
"2019-04-24 03:28:05",59.9
"2019-04-24 03:28:29",,74.5
"2019-04-24 03:52:03",59.7
"2019-04-24 03:52:17",,74.9
"2019-04-24 04:14:03",59.7
"2019-04-24 04:16:01",,75.5
"2019-04-24 04:16:47",66.4
"2019-04-24 04:17:32",123.1
"2019-04-24 04:36:42",75.9
"2019-04-24 04:39:45",,75
"2019-04-24 04:40:07",116.6
"2019-04-24 04:44:36",93.9
"2019-04-24 04:57:41",59.3
"2019-04-24 05:03:33",,74.3
"2019-04-24 05:04:41",134.9
"2019-04-24 05:27:18",,72.9
"2019-04-24 05:28:40",55.1
"2019-04-24 05:42:27",,67.9
"2019-04-24 05:52:39",54.2
"2019-04-24 06:01:36",,64.4
"2019-04-24 06:16:39",52.8
"2019-04-24 06:25:23",,63.1
"2019-04-24 06:40:42",52.8
"2019-04-24 06:48:43",,62.2
"2019-04-24 07:04:41",53
"2019-04-24 07:12:28",,62.2
"2019-04-24 07:28:42",52.8
"2019-04-24 07:34:26",,61.9
"2019-04-24 07:52:41",53.2
"2019-04-24 07:58:14",,61.4
"2019-04-24 08:16:44",53.3
"2019-04-24 08:21:57",,60.9
"2019-04-24 08:40:44",53.9
"2019-04-24 08:45:42",,62.2
"2019-04-24 09:04:45",53.8
"2019-04-24 09:08:45",,60.5
"2019-04-24 09:28:51",53.4
"2019-04-24 09:32:30",,60.7
"2019-04-24 09:52:43",53.4
"2019-04-24 09:52:50",,60.6
"2019-04-24 10:15:12",,60.4
"2019-04-24 10:16:44",53.3
"2019-04-24 10:39:02",,60.1
"2019-04-24 10:40:44",53.7
"2019-04-24 11:02:13",,60.3
"2019-04-24 11:04:44",53.5
"2019-04-24 11:25:21",,60.1
"2019-04-24 11:28:48",53.3
"2019-04-24 11:45:59",,60.1
"2019-04-24 11:52:45",53.4
"2019-04-24 12:06:28",,60.6
"2019-04-24 12:16:45",53.6
"2019-04-24 12:27:43",,60.5
"2019-04-24 12:40:46",53.4
"2019-04-24 12:46:57",,60.7
"2019-04-24 13:04:46",53.6
"2019-04-24 13:07:22",,61.2
"2019-04-24 13:28:06",,60.9
"2019-04-24 13:28:48",53.5
"2019-04-24 13:51:08",,61
"2019-04-24 13:52:50",53.4
"2019-04-24 14:12:32",,60.1
"2019-04-24 14:16:51",53.2
"2019-04-24 14:33:41",,61.6
"2019-04-24 14:40:53",53.4
"2019-04-24 14:57:26",,60.3
"2019-04-24 15:04:56",53.4
"2019-04-24 15:19:47",,61
"2019-04-24 15:28:54",53.4
"2019-04-24 15:42:40",,60.4
"2019-04-24 15:52:54",53.4
"2019-04-24 16:06:27",,61.8
"2019-04-24 16:16:52",53.5
"2019-04-24 16:25:19",,61.3
"2019-04-24 16:40:52",53.6
"2019-04-24 16:46:25",,61.7
"2019-04-24 17:04:52",53.6
"2019-04-24 17:06:07",,62.8
"2019-04-24 17:27:38",,60.8
"2019-04-24 17:28:53",53.3
"2019-04-24 17:48:14",,60.9
"2019-04-24 17:53:02",53.2
"2019-04-24 18:08:23",,61.4
"2019-04-24 18:16:55",53.3
"2019-04-24 18:28:13",,59.8
"2019-04-24 18:40:56",53.4
"2019-04-24 18:50:57",,61.6
"2019-04-24 19:05:00",54.1
"2019-04-24 19:12:26",,62.8
"2019-04-24 19:28:56",53.8
"2019-04-24 19:32:08",,61.6
"2019-04-24 19:52:55",53.7
"2019-04-24 19:53:53",,61.5
"2019-04-24 20:16:59",53.5
"2019-04-24 20:17:14",,62
"2019-04-24 20:40:57",53.7
"2019-04-24 20:41:00",,63.7
"2019-04-24 21:03:23",,63.3
"2019-04-24 21:04:56",53.5
"2019-04-24 21:25:43",,62.1
"2019-04-24 21:28:55",53.8
"2019-04-24 21:49:30",,64.5
"2019-04-24 21:52:53",53.7
"2019-04-24 22:13:18",,65.8
"2019-04-24 22:16:54",53.9
"2019-04-24 22:35:08",,65.8
"2019-04-24 22:40:57",54
"2019-04-24 22:58:57",,66.6
"2019-04-24 23:05:04",54.2
"2019-04-24 23:20:07",,67.3
"2019-04-24 23:29:01",54.2
"2019-04-24 23:43:51",,67.9
"2019-04-24 23:53:04",54.4
"2019-04-25 00:07:39",,68.3
"2019-04-25 00:17:05",55.4
"2019-04-25 00:31:30",,69.3
"2019-04-25 00:41:06",56.1
"2019-04-25 00:55:10",,69.2
"2019-04-25 01:05:08",56
"2019-04-25 01:18:57",,69.8
"2019-04-25 01:29:08",55.7
"2019-04-25 01:42:50",,70.4
"2019-04-25 01:53:10",55.9
"2019-04-25 02:06:33",,70.5
"2019-04-25 02:17:14",56.8
"2019-04-25 02:30:21",,71.3
"2019-04-25 02:41:12",57.4
"2019-04-25 02:54:04",,71.7
"2019-04-25 03:05:13",57.7
"2019-04-25 03:17:48",,72.7
"2019-04-25 03:29:16",58.7
"2019-04-25 03:41:30",,73.9
"2019-04-25 03:53:19",59.7
"2019-04-25 04:05:15",,74.3
"2019-04-25 04:16:45",57.1
"2019-04-25 04:29:03",,73.6
"2019-04-25 04:40:46",55.1
"2019-04-25 04:52:48",,71.4
"2019-04-25 05:04:45",56.3
"2019-04-25 05:16:35",,71
"2019-04-25 05:28:44",55
"2019-04-25 05:34:50",,68.9
"2019-04-25 05:52:44",54.1
"2019-04-25 05:53:48",,63.9
"2019-04-25 06:16:44",53.7
"2019-04-25 06:17:39",,63.1
"2019-04-25 06:40:23",,63.3
"2019-04-25 06:40:42",53.3
"2019-04-25 07:04:06",,62.5
"2019-04-25 07:04:41",53.3
"2019-04-25 07:27:10",,62.9
"2019-04-25 07:28:49",53.1
"2019-04-25 07:48:17",,61.3
"2019-04-25 07:52:46",53.2
"2019-04-25 08:12:04",,60.6
"2019-04-25 08:16:47",53.4
"2019-04-25 08:34:04",,60.1
"2019-04-25 08:40:48",53.6
"2019-04-25 08:57:41",,59
"2019-04-25 09:04:46",52.9
"2019-04-25 09:21:28",,57.8
"2019-04-25 09:28:48",52.6
"2019-04-25 09:45:18",,58.5
"2019-04-25 09:52:47",52.6
"2019-04-25 10:07:53",,58
"2019-04-25 10:16:47",52.6
"2019-04-25 10:31:19",,58.1
"2019-04-25 10:40:48",52.6
"2019-04-25 10:54:14",,59.9
"2019-04-25 11:04:50",52.8
"2019-04-25 11:10:52",,59.1
"2019-04-25 11:28:48",52.7
"2019-04-25 11:34:38",,58.8
"2019-04-25 11:52:48",52.8
"2019-04-25 11:56:41",,58.4
"2019-04-25 12:16:48",52.7
"2019-04-25 12:20:28",,58.7
"2019-04-25 12:40:51",53.3
"2019-04-25 12:44:18",,61.4
"2019-04-25 13:04:02",,61.7
"2019-04-25 13:04:52",53.8
"2019-04-25 13:26:38",,60.2
"2019-04-25 13:28:53",53.1
"2019-04-25 13:48:51",,61
"2019-04-25 13:52:52",52.9
"2019-04-25 14:08:54",,59.9
"2019-04-25 14:16:53",53
"2019-04-25 14:32:31",,60
"2019-04-25 14:40:54",52.9
"2019-04-25 14:54:38",,60
"2019-04-25 15:04:52",53
"2019-04-25 15:18:26",,60
"2019-04-25 15:28:57",53.1
"2019-04-25 15:40:28",,60.5
"2019-04-25 15:52:53",53
"2019-04-25 15:59:41",,59.7
"2019-04-25 16:16:55",52.8
"2019-04-25 16:20:57",,60.1
"2019-04-25 16:40:56",53
"2019-04-25 16:44:46",,60.1
"2019-04-25 17:04:55",53.1
"2019-04-25 17:06:09",,60.8
"2019-04-25 17:26:56",,60.1
"2019-04-25 17:28:57",53
"2019-04-25 17:48:57",,60.5
"2019-04-25 17:52:56",53.3
"2019-04-25 18:08:57",,59.8
"2019-04-25 18:16:55",53.3
"2019-04-25 18:32:45",,61.6
"2019-04-25 18:40:57",53.4
"2019-04-25 18:56:32",,64.6
"2019-04-25 19:04:59",53.8
"2019-04-25 19:20:20",,64.5
"2019-04-25 19:29:01",53.4
"2019-04-25 19:44:10",,65.2
"2019-04-25 19:53:02",53.7
"2019-04-25 20:07:57",,65.7
"2019-04-25 20:17:02",53.8
"2019-04-25 20:31:43",,66.3
"2019-04-25 20:40:59",53.6
"2019-04-25 20:55:32",,66.2
"2019-04-25 21:05:00",53.6
"2019-04-25 21:19:19",,66.6
"2019-04-25 21:29:01",53.6
"2019-04-25 21:43:08",,66.4
"2019-04-25 21:53:01",53.5
"2019-04-25 22:07:01",,66.6
"2019-04-25 22:12:15",69.5
"2019-04-25 22:21:27",100
"2019-04-25 22:26:46",128.7
"2019-04-25 22:30:46",,66.4
"2019-04-25 22:50:48",53.9
"2019-04-25 22:54:38",,66.9
"2019-04-25 23:14:49",54.4
"2019-04-25 23:18:20",,67.6
"2019-04-25 23:38:48",54.3
"2019-04-25 23:42:08",,67.8
"2019-04-26 00:02:45",54.9
"2019-04-26 00:05:36",,68.9
"2019-04-26 00:26:49",54.9
"2019-04-26 00:29:24",,68.6
"2019-04-26 00:50:50",55.5
"2019-04-26 00:52:11",,69
"2019-04-26 01:14:51",56
"2019-04-26 01:14:55",,69.2
"2019-04-26 01:38:45",,69.8
"2019-04-26 01:38:53",57.1
"2019-04-26 02:02:35",,70.3
"2019-04-26 02:02:55",57.6
"2019-04-26 02:26:22",,71.2
"2019-04-26 02:26:56",58.2
"2019-04-26 02:50:10",,72.6
"2019-04-26 02:50:57",58.9
"2019-04-26 03:14:03",,73.4
"2019-04-26 03:14:58",59.9
"2019-04-26 03:37:44",,74
"2019-04-26 03:38:59",60
"2019-04-26 04:01:30",,74.4
"2019-04-26 04:03:00",59.1
"2019-04-26 04:25:18",,74.7
"2019-04-26 04:27:00",57.7
"2019-04-26 04:49:08",,74.8
"2019-04-26 04:51:07",55.8
"2019-04-26 05:12:54",,73.5
"2019-04-26 05:15:03",55
"2019-04-26 05:36:41",,71.2
"2019-04-26 05:39:06",54.7
"2019-04-26 05:53:00",,65.6
"2019-04-26 06:03:06",54.1
"2019-04-26 06:16:15",,63
"2019-04-26 06:27:08",53.6
"2019-04-26 06:40:02",,62.9
"2019-04-26 06:51:09",53.4
"2019-04-26 07:00:08",,61.1
"2019-04-26 07:15:12",53.3
"2019-04-26 07:22:42",,61.5
"2019-04-26 07:39:12",53.6
"2019-04-26 07:45:41",,61.8
"2019-04-26 08:03:14",53.6
"2019-04-26 08:09:29",,61.1
"2019-04-26 08:27:15",53.7
"2019-04-26 08:33:17",,61.2
"2019-04-26 08:51:15",53.5
"2019-04-26 08:57:02",,60.7
"2019-04-26 09:15:16",53.5
"2019-04-26 09:20:49",,59.8
"2019-04-26 09:39:20",53.7
"2019-04-26 09:42:23",,60.6
"2019-04-26 10:02:27",,59.4
"2019-04-26 10:03:20",53.6
"2019-04-26 10:24:21",,60.2
"2019-04-26 10:27:24",53.5
"2019-04-26 10:47:22",,60.7
"2019-04-26 10:51:26",54
"2019-04-26 11:10:48",,60.7
"2019-04-26 11:15:27",53.7
"2019-04-26 11:34:32",,60.2
"2019-04-26 11:39:28",53.7
"2019-04-26 11:57:39",,60
"2019-04-26 12:03:28",53.8
"2019-04-26 12:20:25",,60.2
"2019-04-26 12:27:32",54.1
"2019-04-26 12:43:11",,60.8
"2019-04-26 12:51:33",54
"2019-04-26 13:05:39",,61.1
"2019-04-26 13:15:32",53.9
"2019-04-26 13:24:50",,60.3
"2019-04-26 13:39:31",53.8
"2019-04-26 13:46:12",,61.1
"2019-04-26 14:03:34",54
"2019-04-26 14:10:07",,61.1
"2019-04-26 14:27:34",54
"2019-04-26 14:32:29",,61.2
"2019-04-26 14:51:33",54.1
"2019-04-26 14:55:52",,61.1
"2019-04-26 15:15:40",54.2
"2019-04-26 15:19:07",,60.9
"2019-04-26 15:39:34",54.1
"2019-04-26 15:41:14",,61
"2019-04-26 16:02:50",,60.7
"2019-04-26 16:03:34",53.9
"2019-04-26 16:23:48",,61.3
"2019-04-26 16:27:38",53.9
"2019-04-26 16:45:43",,60.7
"2019-04-26 16:51:37",53.9
"2019-04-26 17:05:53",,62.7
"2019-04-26 17:15:37",53.9
"2019-04-26 17:23:32",,61.1
"2019-04-26 17:39:39",53.9
"2019-04-26 17:46:10",,61.2
"2019-04-26 18:00:31",,63
"2019-04-26 18:03:39",54.3
"2019-04-26 18:22:37",,61.2
"2019-04-26 18:27:42",54.3
"2019-04-26 18:45:27",,61.8
"2019-04-26 18:51:44",54.4
"2019-04-26 19:08:48",,65
"2019-04-26 19:15:46",54.6
"2019-04-26 19:32:33",,65.8
"2019-04-26 19:39:48",54.5
"2019-04-26 19:56:20",,65.9
"2019-04-26 20:03:50",54.1
"2019-04-26 20:17:56",,65.7
"2019-04-26 20:27:51",53.9
"2019-04-26 20:41:46",,64.2
"2019-04-26 20:51:55",53.9
"2019-04-26 21:02:27",,64.5
"2019-04-26 21:15:55",54
"2019-04-26 21:24:35",,62.7
"2019-04-26 21:39:57",54.2
"2019-04-26 21:48:23",,64.4
"2019-04-26 22:03:56",54.5
"2019-04-26 22:12:10",,65.3
"2019-04-26 22:27:58",54.3
"2019-04-26 22:35:58",,65.6
"2019-04-26 22:51:57",54.2
"2019-04-26 22:59:46",,66.1
"2019-04-26 23:15:57",54.1
"2019-04-26 23:23:31",,66
"2019-04-26 23:39:55",54.3
"2019-04-26 23:47:17",,66.6
"2019-04-27 00:03:55",55.1
"2019-04-27 00:11:04",,68
"2019-04-27 00:27:57",56
"2019-04-27 00:34:49",,68.7
"2019-04-27 00:51:57",56.3
"2019-04-27 00:58:37",,68.8
"2019-04-27 01:16:04",55.5
"2019-04-27 01:22:24",,69.1
"2019-04-27 01:40:00",55.9
"2019-04-27 01:46:08",,69.5
"2019-04-27 02:04:00",56.4
"2019-04-27 02:09:55",,70.8
"2019-04-27 02:27:59",57.1
"2019-04-27 02:33:42",,71.5
"2019-04-27 02:52:01",57.7
"2019-04-27 02:57:28",,72.4
"2019-04-27 03:16:05",57.9
"2019-04-27 03:21:20",,73
"2019-04-27 03:40:06",57.4
"2019-04-27 03:45:02",,73
"2019-04-27 04:04:03",58.4
"2019-04-27 04:08:50",,73.4
"2019-04-27 04:28:04",59.3
"2019-04-27 04:32:35",,73.8
"2019-04-27 04:52:10",60
"2019-04-27 04:56:22",,74
"2019-04-27 05:14:43",59.7
"2019-04-27 05:20:10",,74.9
"2019-04-27 05:38:04",55.7
"2019-04-27 05:43:10",,73.3
"2019-04-27 05:56:04",,68
"2019-04-27 06:02:06",54.9
"2019-04-27 06:18:01",,65.1
"2019-04-27 06:26:08",54.6
"2019-04-27 06:41:50",,64.5
"2019-04-27 06:50:10",54.1
"2019-04-27 07:04:23",,63.6
"2019-04-27 07:14:11",53.9
"2019-04-27 07:28:05",,62.2
"2019-04-27 07:38:11",53.9
"2019-04-27 07:51:50",,61.9
"2019-04-27 08:02:12",53.9
"2019-04-27 08:13:29",,60.9
"2019-04-27 08:26:09",53.9
"2019-04-27 08:37:18",,61.2
"2019-04-27 08:50:10",54
"2019-04-27 08:59:33",,60.9
"2019-04-27 09:14:21",53.9
"2019-04-27 09:22:12",,59.9
"2019-04-27 09:38:11",53.9
"2019-04-27 09:45:50",,59.7
"2019-04-27 10:02:13",53.9
"2019-04-27 10:05:47",,60.6
"2019-04-27 10:26:15",54
"2019-04-27 10:29:26",,60.1
"2019-04-27 10:50:15",54.3
"2019-04-27 10:52:37",,61.7
"2019-04-27 11:14:21",54.5
"2019-04-27 11:14:56",,62
"2019-04-27 11:36:59",,61
"2019-04-27 11:38:11",54
"2019-04-27 11:58:51",,60.1
"2019-04-27 12:02:11",53.9
"2019-04-27 12:22:37",,60.3
"2019-04-27 12:26:12",53.9
"2019-04-27 12:44:06",,60.1
"2019-04-27 12:50:22",54
"2019-04-27 13:05:27",,60.1
"2019-04-27 13:14:11",54
"2019-04-27 13:28:14",,60.8
"2019-04-27 13:38:12",54.1
"2019-04-27 13:48:26",,60.7
"2019-04-27 14:02:13",54.1
"2019-04-27 14:09:43",,60.9
"2019-04-27 14:26:14",54.1
"2019-04-27 14:31:06",,61.1
"2019-04-27 14:46:56",,60.5
"2019-04-27 14:50:14",54
"2019-04-27 15:09:06",,61.5
"2019-04-27 15:14:15",54
"2019-04-27 15:30:33",,60.6
"2019-04-27 15:38:17",53.9
"2019-04-27 15:51:51",,61.7
"2019-04-27 16:02:14",53.9
"2019-04-27 16:12:32",,60.2
"2019-04-27 16:26:14",54
"2019-04-27 16:36:08",,61
"2019-04-27 16:50:14",54
"2019-04-27 16:57:09",,60.6
"2019-04-27 17:14:15",53.9
"2019-04-27 17:19:56",,62.5
"2019-04-27 17:38:16",54
"2019-04-27 17:41:02",,62.4
"2019-04-27 18:02:15",53.9
"2019-04-27 18:04:48",,64.2
"2019-04-27 18:26:16",54.2
"2019-04-27 18:28:35",,66.1
"2019-04-27 18:50:22",54.2
"2019-04-27 18:51:04",,66.4
"2019-04-27 19:14:24",54.3
"2019-04-27 19:14:41",,66.4
"2019-04-27 19:34:41",,65.4
"2019-04-27 19:38:26",54.4
"2019-04-27 19:58:28",,64.2
"2019-04-27 20:02:24",54.5
"2019-04-27 20:22:15",,65.9
"2019-04-27 20:26:27",54.6
"2019-04-27 20:46:04",,66.4
"2019-04-27 20:50:29",54.4
"2019-04-27 21:09:51",,66.3
"2019-04-27 21:14:29",54.2
"2019-04-27 21:33:36",,65.9
"2019-04-27 21:38:28",54.2
"2019-04-27 21:57:25",,66.4
"2019-04-27 22:02:28",54.1
"2019-04-27 22:21:13",,65.9
"2019-04-27 22:26:28",54.1
"2019-04-27 22:43:45",,66.5
"2019-04-27 22:50:29",54.6
"2019-04-27 23:07:31",,66.6
"2019-04-27 23:14:29",54.7
"2019-04-27 23:31:02",,66.7
"2019-04-27 23:38:27",55.7
"2019-04-27 23:54:51",,67.5
"2019-04-28 00:02:30",55.7
"2019-04-28 00:18:37",,68
"2019-04-28 00:26:29",54.9
"2019-04-28 00:42:26",,68.7
"2019-04-28 00:50:29",55.3
"2019-04-28 01:06:13",,68.8
"2019-04-28 01:14:29",55.9
"2019-04-28 01:29:59",,68.9
"2019-04-28 01:38:30",55.7
"2019-04-28 01:53:49",,69.1
"2019-04-28 02:02:28",56.1
"2019-04-28 02:17:42",,69.5
"2019-04-28 02:26:27",56.5
"2019-04-28 02:41:27",,69.9
"2019-04-28 02:50:30",56.7
"2019-04-28 03:05:10",,70.3
"2019-04-28 03:14:32",57.1
"2019-04-28 03:28:56",,71.2
"2019-04-28 03:38:33",57.7
"2019-04-28 03:52:40",,71.6
"2019-04-28 04:02:40",58.3
"2019-04-28 04:16:24",,72.2
"2019-04-28 04:26:36",58.6
"2019-04-28 04:40:13",,72.8
"2019-04-28 04:50:37",59.1
"2019-04-28 05:03:58",,73.5
"2019-04-28 05:14:40",57.9
"2019-04-28 05:27:44",,73.7
"2019-04-28 05:38:40",56.9
"2019-04-28 05:48:36",,73
"2019-04-28 06:02:37",56.4
"2019-04-28 06:10:57",,69.1
"2019-04-28 06:26:33",56.1
"2019-04-28 06:32:39",,68.6
"2019-04-28 06:50:33",55
"2019-04-28 06:53:38",,66.2
"2019-04-28 07:14:32",54.2
"2019-04-28 07:17:25",,63.8
"2019-04-28 07:38:31",54
"2019-04-28 07:40:21",,63.4
"2019-04-28 07:59:36",,61.6
"2019-04-28 08:02:30",54.2
"2019-04-28 08:23:07",,61.4
"2019-04-28 08:26:36",54
"2019-04-28 08:42:29",,60
"2019-04-28 08:50:32",54
"2019-04-28 09:04:43",,60.6
"2019-04-28 09:14:31",54
"2019-04-28 09:26:32",,60.7
"2019-04-28 09:38:31",53.9
"2019-04-28 09:44:06",,59.5
"2019-04-28 10:02:33",53.9
"2019-04-28 10:05:52",,59.8
"2019-04-28 10:25:45",,59.6
"2019-04-28 10:26:34",53.8
"2019-04-28 10:49:18",,60.2
"2019-04-28 10:50:34",53.8
"2019-04-28 11:13:07",,60.6
"2019-04-28 11:14:31",54
"2019-04-28 11:34:07",,60.4
"2019-04-28 11:38:29",54
"2019-04-28 11:57:56",,59.8
"2019-04-28 12:02:31",54.1
"2019-04-28 12:20:11",,60.6
"2019-04-28 12:26:29",54
"2019-04-28 12:41:36",,60.4
"2019-04-28 12:50:25",54.1
"2019-04-28 13:03:30",,60.4
"2019-04-28 13:14:22",54.1
"2019-04-28 13:25:39",,61.5
"2019-04-28 13:38:21",54.3
"2019-04-28 13:44:50",,62.4
"2019-04-28 14:02:24",54.2
"2019-04-28 14:04:18",,60.5
"2019-04-28 14:24:26",,60.4
"2019-04-28 14:26:23",54
"2019-04-28 14:45:58",,61
"2019-04-28 14:50:24",54.2
"2019-04-28 15:07:45",,60.6
"2019-04-28 15:14:26",54
"2019-04-28 15:27:24",,60.7
"2019-04-28 15:38:25",54
"2019-04-28 15:48:17",,61.1
"2019-04-28 16:02:32",54.1
"2019-04-28 16:08:35",,61.3
"2019-04-28 16:26:29",54
"2019-04-28 16:32:19",,61
"2019-04-28 16:50:31",53.8
"2019-04-28 16:51:04",,60.5
"2019-04-28 17:09:40",,61.8
"2019-04-28 17:14:29",54
"2019-04-28 17:30:23",,61.4
"2019-04-28 17:38:31",54.1
"2019-04-28 17:51:30",,61.2
"2019-04-28 18:02:35",54.2
"2019-04-28 18:11:37",,60.7
"2019-04-28 18:26:32",54.2
"2019-04-28 18:32:01",,60.7
"2019-04-28 18:50:33",54.6
"2019-04-28 18:55:49",,63.4
"2019-04-28 19:14:32",55.5
"2019-04-28 19:19:37",,65.7
"2019-04-28 19:38:36",55
"2019-04-28 19:43:25",,67.1
"2019-04-28 19:59:10",,64.5
"2019-04-28 20:02:35",54.5
"2019-04-28 20:17:04",,62.1
"2019-04-28 20:26:35",54.6
"2019-04-28 20:39:36",,62.9
"2019-04-28 20:50:35",54.9
"2019-04-28 21:01:45",,65.1
"2019-04-28 21:14:36",55.3
"2019-04-28 21:20:27",,64.5
"2019-04-28 21:38:37",54.5
"2019-04-28 21:41:31",,62
"2019-04-28 22:02:47",54.5
"2019-04-28 22:03:43",,63
"2019-04-28 22:26:37",55
"2019-04-28 22:27:29",,65.5
"2019-04-28 22:46:47",,66.7
"2019-04-28 22:50:39",56
"2019-04-28 23:09:09",,67.8
"2019-04-28 23:14:38",56
"2019-04-28 23:32:58",,68.8
"2019-04-28 23:38:41",56
"2019-04-28 23:54:15",,69.5
"2019-04-29 00:02:38",56.8
"2019-04-29 00:18:00",,70.2
"2019-04-29 00:26:38",57
"2019-04-29 00:41:47",,70.9
"2019-04-29 00:50:39",57.3
"2019-04-29 01:05:32",,71.5
"2019-04-29 01:14:50",58
"2019-04-29 01:29:18",,72.1
"2019-04-29 01:38:43",57.1
"2019-04-29 01:53:03",,72.4
"2019-04-29 02:02:45",57.3
"2019-04-29 02:16:53",,72.7
"2019-04-29 02:26:46",58.1
"2019-04-29 02:40:44",,72.7
"2019-04-29 02:50:47",58.6
"2019-04-29 03:04:31",,73.2
"2019-04-29 03:14:52",59.7
"2019-04-29 03:28:17",,73.9
"2019-04-29 03:38:53",60.1
"2019-04-29 03:52:03",,74.4
"2019-04-29 04:02:53",60.3
"2019-04-29 04:15:46",,74.7
"2019-04-29 04:26:54",58.8
"2019-04-29 04:39:31",,74.8
"2019-04-29 04:50:54",56.8
"2019-04-29 05:02:14",,73.8
"2019-04-29 05:14:54",55.4
"2019-04-29 05:24:32",,71.3
"2019-04-29 05:38:52",55.3
"2019-04-29 05:45:08",,69.5
"2019-04-29 06:02:51",54.5
"2019-04-29 06:05:11",,64.7
"2019-04-29 06:26:49",53.7
"2019-04-29 06:26:52",,60.9
"2019-04-29 06:49:33",,61.4
"2019-04-29 06:50:47",53.7
"2019-04-29 07:13:20",,61.6
"2019-04-29 07:14:46",53.9
"2019-04-29 07:35:41",,60
"2019-04-29 07:38:47",53.8
"2019-04-29 07:58:30",,60.3
"2019-04-29 08:02:48",54.1
"2019-04-29 08:19:07",,61.6
"2019-04-29 08:26:49",54.7
"2019-04-29 08:41:35",,61.6
"2019-04-29 08:50:52",54.1
"2019-04-29 09:04:15",,59.7
"2019-04-29 09:14:56",53.4
"2019-04-29 09:25:44",,59.7
"2019-04-29 09:38:52",53.3
"2019-04-29 09:42:13",,59.3
"2019-04-29 10:02:08",,59.2
"2019-04-29 10:02:54",53.3
"2019-04-29 10:25:50",,59.3
"2019-04-29 10:26:57",53.3
"2019-04-29 10:49:09",,59.2
"2019-04-29 10:50:59",53.2
"2019-04-29 11:07:22",,60
"2019-04-29 11:15:05",53.2
"2019-04-29 11:25:41",,60.4
"2019-04-29 11:38:56",53
"2019-04-29 11:48:48",,59.7
"2019-04-29 12:02:56",53
"2019-04-29 12:07:45",,60.1
"2019-04-29 12:26:55",,59.3
"2019-04-29 12:27:08",53
"2019-04-29 12:44:48",,60.5
"2019-04-29 12:51:06",53
"2019-04-29 13:07:13",,59.9
"2019-04-29 13:14:59",53.2
"2019-04-29 13:31:01",,59.5
"2019-04-29 13:39:02",53.3
"2019-04-29 13:52:22",,60.8
"2019-04-29 14:03:01",53.4
"2019-04-29 14:10:59",,60.2
"2019-04-29 14:27:00",53.4
"2019-04-29 14:33:33",,59.7
"2019-04-29 14:51:00",53.6
"2019-04-29 14:53:55",,62.3
"2019-04-29 15:14:21",,60
"2019-04-29 15:15:01",53.4
"2019-04-29 15:36:14",,61.4
"2019-04-29 15:39:02",53.7
"2019-04-29 15:57:21",,62.2
"2019-04-29 16:03:03",53.8
"2019-04-29 16:19:36",,60.2
"2019-04-29 16:27:15",53.8
"2019-04-29 16:38:11",,61.6
"2019-04-29 16:51:03",54
"2019-04-29 16:57:01",,60.9
"2019-04-29 17:14:59",53.9
"2019-04-29 17:17:38",,61.5
"2019-04-29 17:38:07",,61.8
"2019-04-29 17:39:04",53.8
"2019-04-29 17:58:21",,59.9
"2019-04-29 18:03:01",53.7
"2019-04-29 18:20:19",,61.6
"2019-04-29 18:26:59",54.3
"2019-04-29 18:34:52",,60.8
"2019-04-29 18:50:59",53.9
"2019-04-29 18:57:07",,60
"2019-04-29 19:15:00",53.9
"2019-04-29 19:18:10",,61.7
"2019-04-29 19:38:59",54
"2019-04-29 19:41:58",,64.5
"2019-04-29 19:56:58",54
"2019-04-29 19:58:51",,62.8
"2019-04-29 19:59:59",54.1
"2019-04-29 20:01:08",,63.3
"2019-04-29 20:03:00",54.1
"2019-04-29 20:04:08",,63.3
"2019-04-29 20:06:00",54.3
"2019-04-29 20:07:05",,63.8
"2019-04-29 20:09:00",54.5
"2019-04-29 20:10:05",,63.4
"2019-04-29 20:12:01",54.5
"2019-04-29 20:13:04",,64.1
"2019-04-29 20:15:05",54.3
"2019-04-29 20:16:01",,64
"2019-04-29 20:18:02",54.1
"2019-04-29 20:18:59",,63.6
"2019-04-29 20:21:01",54.1
"2019-04-29 20:21:58",,64
"2019-04-29 20:24:09",54.1
"2019-04-29 20:24:57",,63.1
"2019-04-29 20:27:00",54.1
"2019-04-29 20:27:56",,63.4
"2019-04-29 20:29:00",,62.2
"2019-04-29 20:30:00",54.1
"2019-04-29 20:31:08",,60.8
"2019-04-29 20:33:00",54
"2019-04-29 20:34:06",,60.8
"2019-04-29 20:36:00",54
"2019-04-29 20:37:05",,60.3
"2019-04-29 20:39:00",53.8
"2019-04-29 20:40:04",,60.2
"2019-04-29 20:41:00",,61.3
"2019-04-29 20:42:00",53.8
"2019-04-29 20:43:58",,61.7
"2019-04-29 20:45:00",53.9
"2019-04-29 20:46:57",,61.8
"2019-04-29 20:48:00",54
"2019-04-29 20:49:56",,61.8
"2019-04-29 20:50:59",54.1
"2019-04-29 20:52:54",,62.7
"2019-04-29 20:53:59",54.1
"2019-04-29 20:55:52",,62.6
"2019-04-29 20:56:59",54
"2019-04-29 20:58:51",,63.1
"2019-04-29 21:00:00",54
"2019-04-29 21:01:50",,62.5
"2019-04-29 21:03:00",54
"2019-04-29 21:04:49",,61.8
"2019-04-29 21:05:59",54
"2019-04-29 21:07:47",,61.9
"2019-04-29 21:08:59",54.1
"2019-04-29 21:10:47",,61.7
"2019-04-29 21:11:59",54.1
"2019-04-29 21:13:44",,61.8
"2019-04-29 21:14:59",54.1
"2019-04-29 21:15:26",,62.9
"2019-04-29 21:18:02",54.1
"2019-04-29 21:18:24",,62.8
"2019-04-29 21:20:59",54.2
"2019-04-29 21:21:22",,63.3
"2019-04-29 21:23:59",54.3
"2019-04-29 21:24:20",,62.9
"2019-04-29 21:26:59",54.3
"2019-04-29 21:27:19",,62.6
"2019-04-29 21:29:58",54.2
"2019-04-29 21:30:16",,63.1
"2019-04-29 21:32:58",54.1
"2019-04-29 21:33:14",,63.1
"2019-04-29 21:35:58",54.1
"2019-04-29 21:36:12",,63.4
"2019-04-29 21:38:58",54.2
"2019-04-29 21:39:10",,63.7
"2019-04-29 21:41:58",54.4
"2019-04-29 21:42:09",,64.4
"2019-04-29 21:44:57",54.4
"2019-04-29 21:45:08",,64.4
"2019-04-29 21:47:57",54.3
"2019-04-29 21:48:08",,64.8
"2019-04-29 21:50:58",54.4
"2019-04-29 21:51:05",,65.3
"2019-04-29 21:53:58",54.3
"2019-04-29 21:54:03",,64.9
"2019-04-29 21:56:58",54.4
"2019-04-29 21:57:02",,65.7
"2019-04-29 21:59:57",54.5
"2019-04-29 21:59:59",,65.5
"2019-04-29 22:02:56",54.5
"2019-04-29 22:03:01",,65.3
"2019-04-29 22:05:55",,65.9
"2019-04-29 22:05:57",54.5
"2019-04-29 22:08:54",,65.8
"2019-04-29 22:08:56",54.6
"2019-04-29 22:10:43",,66.9
"2019-04-29 22:11:56",54.6
"2019-04-29 22:13:42",,66.2
"2019-04-29 22:14:57",54.7
"2019-04-29 22:16:40",,66.8
"2019-04-29 22:17:56",54.9
"2019-04-29 22:19:38",,66.8
"2019-04-29 22:20:57",54.8
"2019-04-29 22:22:36",,66.6
"2019-04-29 22:23:57",54.8
"2019-04-29 22:25:34",,67.1
"2019-04-29 22:26:56",54.8
"2019-04-29 22:28:32",,66.7
"2019-04-29 22:29:56",54.5
"2019-04-29 22:31:31",,67.3
"2019-04-29 22:32:55",54.5
"2019-04-29 22:34:29",,67
"2019-04-29 22:35:55",54.4
"2019-04-29 22:37:27",,67.2
"2019-04-29 22:38:55",54.3
"2019-04-29 22:40:25",,67.2
"2019-04-29 22:41:56",54.3
"2019-04-29 22:43:24",,68
"2019-04-29 22:44:57",54.2
"2019-04-29 22:46:22",,68
"2019-04-29 22:47:58",54.3
"2019-04-29 22:49:19",,67.7
"2019-04-29 22:50:58",54.4
"2019-04-29 22:52:18",,68.3
"2019-04-29 22:53:57",54.3
"2019-04-29 22:55:15",,69
"2019-04-29 22:56:57",54.2
"2019-04-29 22:58:13",,68.4
"2019-04-29 22:59:57",54.3
"2019-04-29 23:01:12",,68
"2019-04-29 23:02:57",54.3
"2019-04-29 23:04:10",,68.1
"2019-04-29 23:05:58",54.3
"2019-04-29 23:07:08",,68.1
"2019-04-29 23:08:57",54.2
"2019-04-29 23:10:07",,68.8
"2019-04-29 23:11:57",54.3
"2019-04-29 23:13:06",,68.1
"2019-04-29 23:14:58",54.5
"2019-04-29 23:16:05",,68.4
"2019-04-29 23:17:57",54.6
"2019-04-29 23:19:02",,68.3
"2019-04-29 23:20:58",54.7
"2019-04-29 23:22:00",,67.8
"2019-04-29 23:23:42",,68.9
"2019-04-29 23:23:59",54.6
"2019-04-29 23:26:41",,68
"2019-04-29 23:27:00",54.5
"2019-04-29 23:29:38",,67.8
"2019-04-29 23:30:01",54.3
"2019-04-29 23:31:55",,68.9
"2019-04-29 23:33:00",54.3
"2019-04-29 23:34:52",,67.4
"2019-04-29 23:35:59",54.3
"2019-04-29 23:37:54",,68
"2019-04-29 23:39:03",54.3
"2019-04-29 23:40:48",,68.2
"2019-04-29 23:41:59",54.3
"2019-04-29 23:43:51",,68.2
"2019-04-29 23:45:00",54.3
"2019-04-29 23:46:44",,68.1
"2019-04-29 23:47:59",54.3
"2019-04-29 23:49:42",,68
"2019-04-29 23:50:59",54.3
"2019-04-29 23:52:40",,67.8
"2019-04-29 23:53:59",54.4
"2019-04-29 23:55:38",,67.6
"2019-04-29 23:56:58",54.5
"2019-04-29 23:58:36",,67.2
"2019-04-29 23:59:59",54.6