"Time","DHW Return (DHWR)","TMV DHW Outlet"
"2019-04-21 23:13:25",,127.5
"2019-04-21 23:49:19",119.8
"2019-04-22 00:01:10",,127.5
"2019-04-22 00:36:54",121.7
"2019-04-22 00:48:57",,127.5
"2019-04-22 01:24:33",122.3
"2019-04-22 01:36:04",,127.3
"2019-04-22 02:12:17",124.3
"2019-04-22 02:23:51",,127.3
"2019-04-22 02:59:58",124.1
"2019-04-22 03:11:37",,127.2
"2019-04-22 03:47:36",124.2
"2019-04-22 03:59:25",,127.2
"2019-04-22 04:35:17",122.4
"2019-04-22 04:47:11",,127.4
"2019-04-22 05:22:58",122.3
"2019-04-22 05:34:57",,127.5
"2019-04-22 06:10:35",120.5
"2019-04-22 06:21:30",,127.9
"2019-04-22 06:58:12",118.9
"2019-04-22 07:00:57",,127.8
"2019-04-22 07:40:00",,127.8
"2019-04-22 07:45:44",121.3
"2019-04-22 08:19:05",,127.7
"2019-04-22 08:33:21",122
"2019-04-22 09:06:08",,127.7
"2019-04-22 09:14:15",122.3
"2019-04-22 09:43:23",120.9
"2019-04-22 09:43:50",,127.6
"2019-04-22 10:19:21",,127.6
"2019-04-22 10:20:24",123.2
"2019-04-22 10:57:48",,127.8
"2019-04-22 11:01:01",122.1
"2019-04-22 11:29:59",,127.8
"2019-04-22 11:33:53",121
"2019-04-22 12:08:26",122.6
"2019-04-22 12:12:26",,127.6
"2019-04-22 12:48:54",124
"2019-04-22 13:00:12",,127.3
"2019-04-22 13:25:58",123.8
"2019-04-22 13:42:22",,127.5
"2019-04-22 14:10:41",124.3
"2019-04-22 14:25:21",,127.6
"2019-04-22 14:49:01",123.4
"2019-04-22 15:05:54",,127.6
"2019-04-22 15:19:50",123.6
"2019-04-22 15:46:05",,127.4
"2019-04-22 16:03:24",124.2
"2019-04-22 16:29:28",,127.4
"2019-04-22 16:49:23",124.1
"2019-04-22 17:10:16",,127.5
"2019-04-22 17:33:55",123.6
"2019-04-22 17:58:01",,127.4
"2019-04-22 18:11:14",123.4
"2019-04-22 18:43:14",,127.4
"2019-04-22 18:50:35",123.5
"2019-04-22 19:21:02",121.3
"2019-04-22 19:25:30",,127.6
"2019-04-22 19:57:41",122.1
"2019-04-22 20:02:35",,127.9
"2019-04-22 20:19:08",,127.9
"2019-04-22 20:20:03",119.5
"2019-04-22 20:42:59",,127.6
"2019-04-22 20:43:50",118.2
"2019-04-22 21:06:58",,127.4
"2019-04-22 21:07:39",118.2
"2019-04-22 21:30:49",,127.7
"2019-04-22 21:31:30",120
"2019-04-22 21:54:40",,127.4
"2019-04-22 22:10:11",121.9
"2019-04-22 22:16:10",,127.8
"2019-04-22 22:33:58",122.5
"2019-04-22 22:40:04",,127.5
"2019-04-22 22:57:48",121.2
"2019-04-22 23:04:11",,127.6
"2019-04-22 23:21:38",124
"2019-04-22 23:27:56",,127.5
"2019-04-22 23:45:28",124
"2019-04-22 23:51:44",,127.5
"2019-04-23 00:09:19",124.3
"2019-04-23 00:15:38",,127.3
"2019-04-23 00:33:07",124.1
"2019-04-23 00:39:31",,127.4
"2019-04-23 00:56:53",122.1
"2019-04-23 01:03:24",,127.6
"2019-04-23 01:20:41",122.1
"2019-04-23 01:27:17",,127.6
"2019-04-23 01:44:29",124.3
"2019-04-23 01:51:12",,127.4
"2019-04-23 02:08:20",124.4
"2019-04-23 02:15:03",,127.5
"2019-04-23 02:32:17",124.4
"2019-04-23 02:38:59",,127.5
"2019-04-23 02:55:57",124.2
"2019-04-23 03:02:51",,127.4
"2019-04-23 03:19:58",123.8
"2019-04-23 03:26:44",,127.5
"2019-04-23 03:43:37",124.3
"2019-04-23 03:50:36",,127.4
"2019-04-23 04:07:24",124.1
"2019-04-23 04:14:31",,127.4
"2019-04-23 04:31:14",120.4
"2019-04-23 04:38:25",,127.7
"2019-04-23 04:55:04",123.7
"2019-04-23 05:02:19",,127.5
"2019-04-23 05:18:52",119.9
"2019-04-23 05:25:35",,127.9
"2019-04-23 05:42:39",121.2
"2019-04-23 05:49:27",,127.8
"2019-04-23 06:06:28",118.6
"2019-04-23 06:07:41",,128
"2019-04-23 06:20:15",,128
"2019-04-23 06:30:17",119.3
"2019-04-23 06:42:17",,127.8
"2019-04-23 06:54:05",118.2
"2019-04-23 07:06:10",,127.6
"2019-04-23 07:17:53",118.6
"2019-04-23 07:30:04",,127.8
"2019-04-23 07:41:39",118.2
"2019-04-23 07:53:58",,127.4
"2019-04-23 08:05:30",118.5
"2019-04-23 08:17:53",,127.8
"2019-04-23 08:29:30",119.8
"2019-04-23 08:41:47",,127.6
"2019-04-23 08:53:11",118.5
"2019-04-23 09:05:43",,127.2
"2019-04-23 09:10:50",118.3
"2019-04-23 09:29:46",,127.7
"2019-04-23 09:32:46",119.4
"2019-04-23 09:46:31",,127.7
"2019-04-23 09:52:55",123.2
"2019-04-23 10:06:47",,127.5
"2019-04-23 10:13:25",123
"2019-04-23 10:23:20",,127.5
"2019-04-23 10:33:57",123.9
"2019-04-23 10:43:01",,127.6
"2019-04-23 10:56:54",124.1
"2019-04-23 11:03:58",,127.5
"2019-04-23 11:16:21",123.4
"2019-04-23 11:27:59",,127.6
"2019-04-23 11:40:15",124.4
"2019-04-23 11:44:37",,127.7
"2019-04-23 12:02:59",124
"2019-04-23 12:05:43",,127.3
"2019-04-23 12:22:19",122.9
"2019-04-23 12:27:16",,127.5
"2019-04-23 12:46:08",124.5
"2019-04-23 12:50:47",,127.7
"2019-04-23 13:09:43",,127.6
"2019-04-23 13:09:55",124.5
"2019-04-23 13:31:37",123.9
"2019-04-23 13:33:36",,127.5
"2019-04-23 13:50:54",,127.9
"2019-04-23 13:52:22",123.9
"2019-04-23 14:14:20",123.8
"2019-04-23 14:14:48",,127.6
"2019-04-23 14:37:05",,127.4
"2019-04-23 14:37:23",124.1
"2019-04-23 14:53:02",,127.7
"2019-04-23 14:56:11",123.3
"2019-04-23 15:10:55",,127.5
"2019-04-23 15:20:01",124.4
"2019-04-23 15:28:00",,127.6
"2019-04-23 15:36:52",123.2
"2019-04-23 15:41:24",,127.7
"2019-04-23 16:00:41",124.3
"2019-04-23 16:02:51",,127.5
"2019-04-23 16:21:26",124.2
"2019-04-23 16:26:43",,127.5
"2019-04-23 16:38:37",123
"2019-04-23 16:48:45",,127.6
"2019-04-23 17:02:32",124.3
"2019-04-23 17:10:31",,127.3
"2019-04-23 17:26:15",124.4
"2019-04-23 17:33:03",,127.6
"2019-04-23 17:47:58",123.8
"2019-04-23 17:48:31",,127.6
"2019-04-23 18:04:08",123.6
"2019-04-23 18:09:35",,127.3
"2019-04-23 18:21:27",121.4
"2019-04-23 18:31:22",,127.7
"2019-04-23 18:38:27",119.3
"2019-04-23 18:48:45",,127.8
"2019-04-23 19:00:54",119.7
"2019-04-23 19:05:23",,127.9
"2019-04-23 19:23:18",118
"2019-04-23 19:26:06",,128.1
"2019-04-23 19:40:31",119.7
"2019-04-23 19:48:37",,127.7
"2019-04-23 20:03:58",118.5
"2019-04-23 20:10:28",,127.8
"2019-04-23 20:25:52",117.6
"2019-04-23 20:34:20",,127.5
"2019-04-23 20:47:03",116.8
"2019-04-23 20:58:11",,127.4
"2019-04-23 21:10:59",116.9
"2019-04-23 21:22:03",,127.4
"2019-04-23 21:34:42",116.7
"2019-04-23 21:45:59",,127.3
"2019-04-23 21:57:06",116.8
"2019-04-23 22:09:53",,127.3
"2019-04-23 22:19:57",117.7
"2019-04-23 22:31:23",,127.4
"2019-04-23 22:38:18",118.5
"2019-04-23 22:55:09",,127.7
"2019-04-23 23:02:04",123.3
"2019-04-23 23:18:40",,127.7
"2019-04-23 23:19:04",120.9
"2019-04-23 23:37:39",121
"2019-04-23 23:41:46",,127.8
"2019-04-24 00:01:30",124.1
"2019-04-24 00:05:42",,127.6
"2019-04-24 00:20:41",122.7
"2019-04-24 00:28:19",,127.5
"2019-04-24 00:38:18",123
"2019-04-24 00:51:00",,127.5
"2019-04-24 00:56:00",122.3
"2019-04-24 01:13:02",,127.7
"2019-04-24 01:19:12",124.1
"2019-04-24 01:36:57",,127.5
"2019-04-24 01:39:54",122.9
"2019-04-24 02:00:48",,127.4
"2019-04-24 02:03:40",124.2
"2019-04-24 02:24:39",,127.4
"2019-04-24 02:27:26",124.2
"2019-04-24 02:48:30",,127.5
"2019-04-24 02:51:15",124.4
"2019-04-24 03:12:22",,127.4
"2019-04-24 03:15:15",124.2
"2019-04-24 03:36:17",,127.4
"2019-04-24 03:38:58",124.2
"2019-04-24 04:00:12",,127.4
"2019-04-24 04:02:52",124.3
"2019-04-24 04:22:47",122.1
"2019-04-24 04:24:04",,127.5
"2019-04-24 04:44:34",121.8
"2019-04-24 04:47:59",,127.6
"2019-04-24 05:08:26",124.2
"2019-04-24 05:10:14",,127.7
"2019-04-24 05:27:12",121.1
"2019-04-24 05:34:08",,127.7
"2019-04-24 05:50:54",120.3
"2019-04-24 05:55:06",,127.5
"2019-04-24 06:14:46",119.7
"2019-04-24 06:17:52",,127.7
"2019-04-24 06:38:31",119.2
"2019-04-24 06:41:48",,127.6
"2019-04-24 07:02:25",117.7
"2019-04-24 07:05:41",,127.5
"2019-04-24 07:26:08",117.9
"2019-04-24 07:27:31",,127.7
"2019-04-24 07:49:54",117.8
"2019-04-24 07:51:22",,127.6
"2019-04-24 08:13:44",117.7
"2019-04-24 08:15:12",,127.8
"2019-04-24 08:37:32",119
"2019-04-24 08:39:05",,127.5
"2019-04-24 08:56:56",122.6
"2019-04-24 08:57:34",,127.8
"2019-04-24 09:14:45",,127.9
"2019-04-24 09:15:04",120.9
"2019-04-24 09:30:39",,127.9
"2019-04-24 09:35:50",120.1
"2019-04-24 09:48:46",121.5
"2019-04-24 09:49:37",,127.8
"2019-04-24 10:03:35",121.5
"2019-04-24 10:07:31",,127.6
"2019-04-24 10:19:43",119.9
"2019-04-24 10:31:07",,127.6
"2019-04-24 10:34:47",122.3
"2019-04-24 10:55:01",,127.6
"2019-04-24 10:56:15",124.1
"2019-04-24 11:13:08",122.4
"2019-04-24 11:16:05",,127.6
"2019-04-24 11:30:44",123.6
"2019-04-24 11:35:58",,127.5
"2019-04-24 11:54:33",124.7
"2019-04-24 11:57:29",,127.7
"2019-04-24 12:18:25",124.3
"2019-04-24 12:21:21",,127.3
"2019-04-24 12:40:37",124.2
"2019-04-24 12:45:15",,127.6
"2019-04-24 12:57:31",124.2
"2019-04-24 13:05:20",,127.5
"2019-04-24 13:11:38",122
"2019-04-24 13:21:57",,127.7
"2019-04-24 13:26:37",120.4
"2019-04-24 13:36:05",,127.9
"2019-04-24 13:47:56",123.6
"2019-04-24 13:55:18",,127.5
"2019-04-24 14:09:03",122.9
"2019-04-24 14:19:09",,127.6
"2019-04-24 14:21:49",122.2
"2019-04-24 14:40:15",124.8
"2019-04-24 14:40:29",,127.5
"2019-04-24 15:01:32",,127.4
"2019-04-24 15:02:34",123.5
"2019-04-24 15:20:55",122.9
"2019-04-24 15:20:56",,127.4
"2019-04-24 15:43:44",123.7
"2019-04-24 15:44:01",,127.4
"2019-04-24 16:02:33",,127.4
"2019-04-24 16:04:33",123.2
"2019-04-24 16:21:28",124.2
"2019-04-24 16:26:28",,127.6
"2019-04-24 16:39:47",124.3
"2019-04-24 16:48:12",,127.5
"2019-04-24 17:00:46",124.3
"2019-04-24 17:10:05",,127.3
"2019-04-24 17:21:46",123.8
"2019-04-24 17:29:47",,127.6
"2019-04-24 17:42:45",124.2
"2019-04-24 17:50:22",,127.6
"2019-04-24 17:59:28",120.1
"2019-04-24 18:12:42",120.6
"2019-04-24 18:13:30",,127.7
"2019-04-24 18:32:32",,127.6
"2019-04-24 18:36:30",124.2
"2019-04-24 18:54:18",122.5
"2019-04-24 18:56:02",,127.5
"2019-04-24 19:09:03",122.4
"2019-04-24 19:18:08",,127.5
"2019-04-24 19:22:03",121.4
"2019-04-24 19:38:41",,127.6
"2019-04-24 19:45:56",120.4
"2019-04-24 19:55:24",,127.8
"2019-04-24 20:09:44",122.4
"2019-04-24 20:14:58",,127.4
"2019-04-24 20:33:33",121
"2019-04-24 20:35:03",,127.5
"2019-04-24 20:57:22",119.1
"2019-04-24 20:59:00",,127.5
"2019-04-24 21:16:37",,127.6
"2019-04-24 21:21:12",120.7
"2019-04-24 21:40:29",,127.5
"2019-04-24 21:45:03",119.9
"2019-04-24 22:00:49",,127.8
"2019-04-24 22:08:55",122.1
"2019-04-24 22:23:53",,127.2
"2019-04-24 22:32:47",122.8
"2019-04-24 22:46:29",,127.4
"2019-04-24 22:56:35",121.1
"2019-04-24 23:10:22",,127.5
"2019-04-24 23:20:28",122.5
"2019-04-24 23:31:32",,127.6
"2019-04-24 23:44:15",119.9
"2019-04-24 23:48:28",,127.5
"2019-04-25 00:08:00",123.3
"2019-04-25 00:12:22",,127.4
"2019-04-25 00:31:53",122.7
"2019-04-25 00:36:15",,127.5
"2019-04-25 00:55:44",123
"2019-04-25 00:58:30",,127.6
"2019-04-25 01:19:34",122.2
"2019-04-25 01:22:24",,127.6
"2019-04-25 01:43:23",122.2
"2019-04-25 01:46:17",,127.5
"2019-04-25 02:07:17",123.9
"2019-04-25 02:10:15",,127.4
"2019-04-25 02:31:02",123.8
"2019-04-25 02:34:04",,127.4
"2019-04-25 02:54:55",123.7
"2019-04-25 02:57:57",,127.4
"2019-04-25 03:18:44",124.3
"2019-04-25 03:21:50",,127.5
"2019-04-25 03:42:30",124.3
"2019-04-25 03:45:42",,127.4
"2019-04-25 04:06:17",121.9
"2019-04-25 04:09:38",,127.9
"2019-04-25 04:30:11",118.5
"2019-04-25 04:33:32",,128
"2019-04-25 04:53:52",122.1
"2019-04-25 04:57:23",,127.5
"2019-04-25 05:15:53",,127.8
"2019-04-25 05:17:44",121.8
"2019-04-25 05:36:56",,128
"2019-04-25 05:41:30",119
"2019-04-25 05:55:55",,127.6
"2019-04-25 06:05:19",119.6
"2019-04-25 06:16:23",,128
"2019-04-25 06:28:56",,128.1
"2019-04-25 06:29:10",118.9
"2019-04-25 06:50:47",,127.6
"2019-04-25 06:53:03",122.2
"2019-04-25 07:14:43",,128
"2019-04-25 07:16:57",118.9
"2019-04-25 07:34:56",,127.7
"2019-04-25 07:40:44",118.5
"2019-04-25 07:58:48",,127.8
"2019-04-25 08:04:33",118
"2019-04-25 08:20:14",,127.4
"2019-04-25 08:28:21",118.4
"2019-04-25 08:44:08",,127.2
"2019-04-25 08:45:44",118.1
"2019-04-25 08:51:44",,123.5
"2019-04-25 08:58:00",118.6
"2019-04-25 09:08:50",,117.9
"2019-04-25 09:16:56",110.4
"2019-04-25 09:18:43",,108.1
"2019-04-25 09:29:27",,112.3
"2019-04-25 09:35:32",106.3
"2019-04-25 09:36:54",,115.8
"2019-04-25 09:41:46",,123.9
"2019-04-25 09:42:22",113
"2019-04-25 09:54:52",,127.3
"2019-04-25 09:59:30",117.8
"2019-04-25 10:11:42",118
"2019-04-25 10:15:13",,127.4
"2019-04-25 10:23:57",119.8
"2019-04-25 10:37:33",121.6
"2019-04-25 10:39:08",,127.3
"2019-04-25 10:56:43",119.9
"2019-04-25 10:59:15",,127.1
"2019-04-25 11:13:32",122.3
"2019-04-25 11:19:54",,127.5
"2019-04-25 11:30:45",121.9
"2019-04-25 11:38:59",,127.3
"2019-04-25 11:53:43",122.9
"2019-04-25 12:00:39",,127.5
"2019-04-25 12:10:11",123.7
"2019-04-25 12:18:13",,127.4
"2019-04-25 12:33:59",124.3
"2019-04-25 12:42:05",,127.2
"2019-04-25 12:56:58",123.7
"2019-04-25 13:06:00",,127.2
"2019-04-25 13:15:47",122.7
"2019-04-25 13:21:04",,127.5
"2019-04-25 13:32:32",122
"2019-04-25 13:38:46",,127.4
"2019-04-25 13:51:43",122.5
"2019-04-25 13:55:21",,127.4
"2019-04-25 14:12:02",123.6
"2019-04-25 14:12:32",,127.2
"2019-04-25 14:30:36",,127.5
"2019-04-25 14:32:37",124.2
"2019-04-25 14:44:43",,127.1
"2019-04-25 14:51:57",122.8
"2019-04-25 15:04:15",,127.2
"2019-04-25 15:15:51",124.1
"2019-04-25 15:26:26",,127.4
"2019-04-25 15:38:03",124.4
"2019-04-25 15:48:17",,127.2
"2019-04-25 15:58:18",123.5
"2019-04-25 16:06:37",,127.3
"2019-04-25 16:16:40",123.3
"2019-04-25 16:26:31",,127.5
"2019-04-25 16:37:02",124.2
"2019-04-25 16:50:34",,127.1
"2019-04-25 16:59:31",124
"2019-04-25 17:14:17",,127.5
"2019-04-25 17:23:10",124.3
"2019-04-25 17:38:10",,127.4
"2019-04-25 17:47:01",124.5
"2019-04-25 18:02:07",,127.3
"2019-04-25 18:10:50",124.4
"2019-04-25 18:26:01",,127.4
"2019-04-25 18:32:30",123.9
"2019-04-25 18:49:53",,127.3
"2019-04-25 18:52:07",123.3
"2019-04-25 19:10:22",120.2
"2019-04-25 19:13:48",,127.4
"2019-04-25 19:29:36",122.5
"2019-04-25 19:37:43",,127.5
"2019-04-25 19:51:55",120.7
"2019-04-25 20:01:38",,127.5
"2019-04-25 20:15:45",119
"2019-04-25 20:25:32",,127.5
"2019-04-25 20:39:33",119.2
"2019-04-25 20:49:26",,127.5
"2019-04-25 21:03:26",119.1
"2019-04-25 21:13:20",,127.4
"2019-04-25 21:27:10",120.2
"2019-04-25 21:37:12",,127.4
"2019-04-25 21:50:57",119.4
"2019-04-25 22:01:04",,127.6
"2019-04-25 22:14:46",123.4
"2019-04-25 22:24:58",,127.1
"2019-04-25 22:38:36",119.1
"2019-04-25 22:48:49",,127.8
"2019-04-25 23:02:23",122.2
"2019-04-25 23:12:44",,127.3
"2019-04-25 23:26:09",121
"2019-04-25 23:36:38",,127.8
"2019-04-25 23:50:02",121.8
"2019-04-26 00:00:32",,127.8
"2019-04-26 00:13:46",121.3
"2019-04-26 00:24:26",,127.7
"2019-04-26 00:37:35",122.8
"2019-04-26 00:48:22",,127.6
"2019-04-26 01:01:25",124.2
"2019-04-26 01:12:17",,127.5
"2019-04-26 01:25:20",124.1
"2019-04-26 01:36:12",,127.5
"2019-04-26 01:49:05",123
"2019-04-26 02:00:07",,127.5
"2019-04-26 02:13:09",124
"2019-04-26 02:23:57",,127.4
"2019-04-26 02:36:47",124.2
"2019-04-26 02:47:51",,127.6
"2019-04-26 03:00:33",124.4
"2019-04-26 03:11:42",,127.6
"2019-04-26 03:24:22",124.2
"2019-04-26 03:35:36",,127.7
"2019-04-26 03:48:14",124.1
"2019-04-26 03:59:29",,127.5
"2019-04-26 04:11:58",124.3
"2019-04-26 04:23:21",,127.5
"2019-04-26 04:35:53",120.6
"2019-04-26 04:47:15",,127.7
"2019-04-26 04:59:37",120.8
"2019-04-26 05:11:06",,127.7
"2019-04-26 05:23:27",119.2
"2019-04-26 05:34:58",,127.8
"2019-04-26 05:47:17",123.2
"2019-04-26 05:53:57",,127.6
"2019-04-26 06:11:03",,127.6
"2019-04-26 06:11:04",121.4
"2019-04-26 06:30:22",,127.8
"2019-04-26 06:34:57",121.4
"2019-04-26 06:46:17",,128.1
"2019-04-26 06:58:40",120.9
"2019-04-26 07:03:43",,127.4
"2019-04-26 07:20:58",,127.9
"2019-04-26 07:22:31",119.6
"2019-04-26 07:41:01",,127.7
"2019-04-26 07:46:23",120.2
"2019-04-26 08:04:53",,127.4
"2019-04-26 08:10:14",118.2
"2019-04-26 08:28:46",,127.5
"2019-04-26 08:33:59",117.8
"2019-04-26 08:52:37",,127.5
"2019-04-26 08:57:08",117.6
"2019-04-26 09:16:29",,127.2
"2019-04-26 09:17:01",118.9
"2019-04-26 09:32:58",,127.7
"2019-04-26 09:33:08",120.8
"2019-04-26 09:50:47",119
"2019-04-26 09:56:43",,127.5
"2019-04-26 10:08:34",119.6
"2019-04-26 10:20:38",,127.7
"2019-04-26 10:23:06",119.9
"2019-04-26 10:37:23",119.5
"2019-04-26 10:44:32",,127.6
"2019-04-26 10:55:00",120.2
"2019-04-26 11:07:54",119
"2019-04-26 11:08:25",,127.6
"2019-04-26 11:23:15",120.1
"2019-04-26 11:31:53",,127.7
"2019-04-26 11:41:47",119.9
"2019-04-26 11:55:50",,127.3
"2019-04-26 11:57:29",118.6
"2019-04-26 12:11:33",119.4
"2019-04-26 12:19:40",,127.6
"2019-04-26 12:31:58",123.1
"2019-04-26 12:43:34",,127.7
"2019-04-26 12:51:34",123.4
"2019-04-26 13:06:29",,127.7
"2019-04-26 13:11:50",124.1
"2019-04-26 13:26:47",,127.7
"2019-04-26 13:32:49",123.3
"2019-04-26 13:43:53",,128.2
"2019-04-26 13:51:54",123.5
"2019-04-26 14:07:46",,127.8
"2019-04-26 14:12:55",123.7
"2019-04-26 14:27:45",,127.4
"2019-04-26 14:34:33",122.7
"2019-04-26 14:50:09",,128.1
"2019-04-26 14:55:43",123.1
"2019-04-26 15:09:38",,127.7
"2019-04-26 15:19:09",124
"2019-04-26 15:33:32",,127.7
"2019-04-26 15:42:08",124.4
"2019-04-26 15:55:57",,127.6
"2019-04-26 16:01:31",123.6
"2019-04-26 16:07:14",,127.7
"2019-04-26 16:25:19",124.5
"2019-04-26 16:31:09",,127.4
"2019-04-26 16:46:05",123.9
"2019-04-26 16:49:25",,127.8
"2019-04-26 17:04:21",,127.7
"2019-04-26 17:06:02",122.4
"2019-04-26 17:24:24",122.9
"2019-04-26 17:25:39",,127.6
"2019-04-26 17:43:09",,127.7
"2019-04-26 17:44:46",123.7
"2019-04-26 18:06:23",,127.7
"2019-04-26 18:06:53",124.5
"2019-04-26 18:29:17",,127.5
"2019-04-26 18:30:44",124.2
"2019-04-26 18:49:55",,128
"2019-04-26 18:50:27",123.3
"2019-04-26 19:10:24",,127.6
"2019-04-26 19:11:39",123.3
"2019-04-26 19:27:51",120.8
"2019-04-26 19:30:28",,127.7
"2019-04-26 19:40:41",121.4
"2019-04-26 19:47:04",,127.6
"2019-04-26 20:00:57",120.6
"2019-04-26 20:08:35",,127.6
"2019-04-26 20:23:02",119
"2019-04-26 20:32:24",,127.4
"2019-04-26 20:45:02",118.5
"2019-04-26 20:56:17",,127.4
"2019-04-26 21:08:52",117.7
"2019-04-26 21:20:09",,127.2
"2019-04-26 21:32:42",117.3
"2019-04-26 21:44:05",,127.2
"2019-04-26 21:56:29",119.9
"2019-04-26 22:07:57",,127.8
"2019-04-26 22:20:22",118.8
"2019-04-26 22:31:52",,127.6
"2019-04-26 22:44:04",118.1
"2019-04-26 22:55:44",,127.8
"2019-04-26 23:08:02",117.9
"2019-04-26 23:18:37",,127.6
"2019-04-26 23:31:42",118.8
"2019-04-26 23:42:28",,127.7
"2019-04-26 23:55:33",120.8
"2019-04-27 00:06:28",,127.5
"2019-04-27 00:19:22",123.9
"2019-04-27 00:30:15",,127.3
"2019-04-27 00:43:09",123.8
"2019-04-27 00:54:09",,127.4
"2019-04-27 01:06:55",120.7
"2019-04-27 01:16:29",,127.6
"2019-04-27 01:30:45",122.6
"2019-04-27 01:40:23",,127.5
"2019-04-27 01:54:38",123.9
"2019-04-27 02:04:17",,127.5
"2019-04-27 02:18:25",124.2
"2019-04-27 02:28:09",,127.4
"2019-04-27 02:42:12",124.3
"2019-04-27 02:52:02",,127.5
"2019-04-27 03:06:01",124.1
"2019-04-27 03:15:52",,127.5
"2019-04-27 03:29:56",122.6
"2019-04-27 03:39:44",,127.5
"2019-04-27 03:53:43",124.2
"2019-04-27 04:03:35",,127.5
"2019-04-27 04:17:32",124.3
"2019-04-27 04:27:27",,127.4
"2019-04-27 04:41:20",124.4
"2019-04-27 04:51:20",,127.5
"2019-04-27 05:05:09",124.3
"2019-04-27 05:15:14",,127.4
"2019-04-27 05:28:59",121.5
"2019-04-27 05:38:45",,127.6
"2019-04-27 05:52:59",118.9
"2019-04-27 05:58:02",,128
"2019-04-27 06:15:38",,127.9
"2019-04-27 06:16:40",118.5
"2019-04-27 06:32:20",,127.7
"2019-04-27 06:40:29",118.8
"2019-04-27 06:46:38",,128
"2019-04-27 07:04:18",120.3
"2019-04-27 07:07:19",,127.8
"2019-04-27 07:28:01",,127.8
"2019-04-27 07:28:07",118.3
"2019-04-27 07:50:27",,127.6
"2019-04-27 07:51:57",117.4
"2019-04-27 08:11:49",,127.6
"2019-04-27 08:15:50",118.2
"2019-04-27 08:35:42",,127.7
"2019-04-27 08:39:36",118.3
"2019-04-27 08:59:35",,127.6
"2019-04-27 09:00:33",118.2
"2019-04-27 09:16:05",118.6
"2019-04-27 09:23:27",,127.7
"2019-04-27 09:36:18",119.4
"2019-04-27 09:47:18",,127.7
"2019-04-27 09:50:52",119.4
"2019-04-27 10:07:05",119.7
"2019-04-27 10:11:13",,127.8
"2019-04-27 10:24:52",121.4
"2019-04-27 10:34:36",,127.7
"2019-04-27 10:41:17",120.6
"2019-04-27 10:54:53",,127.7
"2019-04-27 10:57:19",122.8
"2019-04-27 11:17:28",124
"2019-04-27 11:17:58",,127.8
"2019-04-27 11:34:45",,127.7
"2019-04-27 11:35:51",119.9
"2019-04-27 11:51:34",122.4
"2019-04-27 11:55:37",,127.8
"2019-04-27 12:12:46",121.1
"2019-04-27 12:16:22",,127.5
"2019-04-27 12:31:48",118.8
"2019-04-27 12:38:04",,127.3
"2019-04-27 12:50:20",118.9
"2019-04-27 13:00:59",,127.4
"2019-04-27 13:07:34",119
"2019-04-27 13:24:01",121.3
"2019-04-27 13:24:42",,127.4
"2019-04-27 13:40:04",120.4
"2019-04-27 13:44:41",,127.8
"2019-04-27 13:59:44",122.4
"2019-04-27 14:04:30",,127.4
"2019-04-27 14:13:55",120.3
"2019-04-27 14:22:25",,127.7
"2019-04-27 14:26:50",122
"2019-04-27 14:38:15",,127.6
"2019-04-27 14:46:52",122.6
"2019-04-27 14:58:59",,127.5
"2019-04-27 15:02:23",122.4
"2019-04-27 15:18:38",,127.6
"2019-04-27 15:23:44",120.5
"2019-04-27 15:33:35",,127.5
"2019-04-27 15:39:55",120.9
"2019-04-27 15:50:05",,127.6
"2019-04-27 15:59:37",120
"2019-04-27 16:09:44",,127.6
"2019-04-27 16:20:23",124
"2019-04-27 16:29:40",,127.6
"2019-04-27 16:39:50",123.3
"2019-04-27 16:49:23",,127.3
"2019-04-27 17:03:35",124.3
"2019-04-27 17:10:52",,127.5
"2019-04-27 17:21:40",123.9
"2019-04-27 17:32:26",,127.4
"2019-04-27 17:40:01",121.3
"2019-04-27 17:52:08",,127.7
"2019-04-27 17:58:37",121.9
"2019-04-27 18:15:12",,127.3
"2019-04-27 18:22:23",122.8
"2019-04-27 18:36:50",,127.5
"2019-04-27 18:46:12",121.2
"2019-04-27 18:54:33",,127.6
"2019-04-27 19:09:59",124
"2019-04-27 19:18:01",,127.6
"2019-04-27 19:33:48",123.7
"2019-04-27 19:38:20",,127.7
"2019-04-27 19:57:36",123.4
"2019-04-27 20:00:27",,127.5
"2019-04-27 20:18:54",,127.5
"2019-04-27 20:21:25",122.9
"2019-04-27 20:41:10",,127.7
"2019-04-27 20:45:21",120.3
"2019-04-27 20:56:32",,128
"2019-04-27 21:09:02",124.1
"2019-04-27 21:20:25",,127.7
"2019-04-27 21:32:10",,128.2
"2019-04-27 21:32:50",120.5
"2019-04-27 21:53:37",,127.7
"2019-04-27 21:56:40",123.1
"2019-04-27 22:15:11",,127.9
"2019-04-27 22:20:31",120
"2019-04-27 22:39:04",,127.5
"2019-04-27 22:44:17",121.5
"2019-04-27 23:02:56",,127.8
"2019-04-27 23:08:08",120
"2019-04-27 23:26:48",,127.8
"2019-04-27 23:31:54",122.5
"2019-04-27 23:50:39",,127.5
"2019-04-27 23:55:43",124.1
"2019-04-28 00:14:38",,127.6
"2019-04-28 00:19:31",120.7
"2019-04-28 00:38:27",,128
"2019-04-28 00:43:23",122.4
"2019-04-28 01:02:18",,127.6
"2019-04-28 01:07:10",123.7
"2019-04-28 01:26:14",,127.6
"2019-04-28 01:31:14",120.6
"2019-04-28 01:50:07",,127.5
"2019-04-28 01:54:49",123.2
"2019-04-28 02:14:00",,127.8
"2019-04-28 02:18:41",121.6
"2019-04-28 02:37:52",,127.8
"2019-04-28 02:42:37",123
"2019-04-28 03:01:44",,127.5
"2019-04-28 03:06:23",123.3
"2019-04-28 03:25:36",,127.7
"2019-04-28 03:30:15",124.1
"2019-04-28 03:49:35",,127.7
"2019-04-28 03:54:05",123.5
"2019-04-28 04:13:21",,127.6
"2019-04-28 04:17:57",123.8
"2019-04-28 04:37:15",,127.6
"2019-04-28 04:41:44",124.2
"2019-04-28 05:01:08",,127.6
"2019-04-28 05:05:31",122.9
"2019-04-28 05:25:00",,127.9
"2019-04-28 05:29:21",121.1
"2019-04-28 05:48:50",,127.8
"2019-04-28 05:53:10",121.8
"2019-04-28 06:11:55",,127.7
"2019-04-28 06:17:01",122.8
"2019-04-28 06:35:42",,127.8
"2019-04-28 06:40:50",121.1
"2019-04-28 06:51:27",,128
"2019-04-28 07:04:38",119
"2019-04-28 07:08:01",,128
"2019-04-28 07:25:47",,127.9
"2019-04-28 07:28:29",121.2
"2019-04-28 07:47:39",,127.6
"2019-04-28 07:52:18",120.1
"2019-04-28 08:07:14",,127.8
"2019-04-28 08:16:12",122.4
"2019-04-28 08:23:34",,127.8
"2019-04-28 08:40:05",121.5
"2019-04-28 08:40:21",,127.8
"2019-04-28 08:58:38",121.7
"2019-04-28 08:59:44",,127.6
"2019-04-28 09:19:39",119.5
"2019-04-28 09:22:04",,127.8
"2019-04-28 09:31:17",120
"2019-04-28 09:45:58",,127.8
"2019-04-28 09:51:49",123.5
"2019-04-28 10:09:49",,127.6
"2019-04-28 10:10:58",120.7
"2019-04-28 10:29:39",119
"2019-04-28 10:33:44",,127.8
"2019-04-28 10:53:29",118.1
"2019-04-28 10:57:40",,127.7
"2019-04-28 11:17:23",118
"2019-04-28 11:21:35",,127.2
"2019-04-28 11:32:33",119.6
"2019-04-28 11:45:28",,127.5
"2019-04-28 11:50:40",122.4
"2019-04-28 12:07:30",,127.8
"2019-04-28 12:13:53",119.2
"2019-04-28 12:29:19",,127.4
"2019-04-28 12:30:06",118.2
"2019-04-28 12:48:02",119.8
"2019-04-28 12:53:11",,127.5
"2019-04-28 13:04:13",121.3
"2019-04-28 13:17:01",,127.5
"2019-04-28 13:26:49",124.1
"2019-04-28 13:37:09",,127.6
"2019-04-28 13:46:09",122.7
"2019-04-28 14:01:01",,127.3
"2019-04-28 14:08:05",123.1
"2019-04-28 14:21:59",,127.6
"2019-04-28 14:26:22",122
"2019-04-28 14:37:17",,127.8
"2019-04-28 14:50:09",124.2
"2019-04-28 15:01:09",,127.4
"2019-04-28 15:04:36",123
"2019-04-28 15:20:49",122
"2019-04-28 15:25:03",,127.7
"2019-04-28 15:40:50",,127.7
"2019-04-28 15:43:21",124.2
"2019-04-28 15:57:26",,127.5
"2019-04-28 16:02:03",122.8
"2019-04-28 16:16:19",,127.4
"2019-04-28 16:22:47",124
"2019-04-28 16:34:12",,127.5
"2019-04-28 16:46:15",124.5
"2019-04-28 16:56:00",,127.6
"2019-04-28 16:59:23",121.1
"2019-04-28 17:11:46",120.8
"2019-04-28 17:19:55",,127.6
"2019-04-28 17:34:05",124
"2019-04-28 17:39:34",,127.7
"2019-04-28 17:52:15",122.9
"2019-04-28 17:57:34",,127.6
"2019-04-28 18:08:42",121.3
"2019-04-28 18:18:09",,128
"2019-04-28 18:30:07",124
"2019-04-28 18:39:56",,127.7
"2019-04-28 18:53:59",124.3
"2019-04-28 19:03:49",,127.5
"2019-04-28 19:13:54",123.4
"2019-04-28 19:25:30",,127.4
"2019-04-28 19:31:45",122.2
"2019-04-28 19:46:59",,127.7
"2019-04-28 19:55:29",119.9
"2019-04-28 20:07:31",,127.7
"2019-04-28 20:11:00",122.3
"2019-04-28 20:28:18",,127.6
"2019-04-28 20:29:37",122.8
"2019-04-28 20:48:18",,127.8
"2019-04-28 20:53:27",122.3
"2019-04-28 21:11:39",,127.8
"2019-04-28 21:17:20",124.3
"2019-04-28 21:32:20",,127.6
"2019-04-28 21:41:09",121.6
"2019-04-28 21:49:48",,127.8
"2019-04-28 22:04:57",122
"2019-04-28 22:07:53",,127.7
"2019-04-28 22:28:50",122.9
"2019-04-28 22:29:45",,127.8
"2019-04-28 22:52:40",123.8
"2019-04-28 22:53:36",,127.6
"2019-04-28 23:16:26",124.2
"2019-04-28 23:17:31",,127.4
"2019-04-28 23:40:14",123.4
"2019-04-28 23:40:39",,127.6
"2019-04-29 00:04:03",123.9
"2019-04-29 00:04:31",,127.5
"2019-04-29 00:25:31",,127.6
"2019-04-29 00:27:52",123.8
"2019-04-29 00:49:15",,127.3
"2019-04-29 00:51:39",123.7
"2019-04-29 01:13:10",,127.5
"2019-04-29 01:15:32",124.4
"2019-04-29 01:34:42",,127.6
"2019-04-29 01:39:23",122.3
"2019-04-29 01:58:35",,127.7
"2019-04-29 02:03:13",124.2
"2019-04-29 02:22:26",,127.5
"2019-04-29 02:27:20",124.4
"2019-04-29 02:46:25",,127.5
"2019-04-29 02:50:51",124.3
"2019-04-29 03:10:14",,127.4
"2019-04-29 03:14:47",124.2
"2019-04-29 03:34:08",,127.4
"2019-04-29 03:38:28",124.1
"2019-04-29 03:58:01",,127.5
"2019-04-29 04:02:14",124.2
"2019-04-29 04:21:55",,127.6
"2019-04-29 04:26:01",122.1
"2019-04-29 04:45:50",,127.6
"2019-04-29 04:49:51",121.8
"2019-04-29 05:03:15",,127.8
"2019-04-29 05:13:42",120.5
"2019-04-29 05:26:25",,127.8
"2019-04-29 05:37:31",120.2
"2019-04-29 05:46:49",,128
"2019-04-29 06:01:20",120.6
"2019-04-29 06:05:24",,127.6
"2019-04-29 06:25:08",120.6
"2019-04-29 06:25:29",,127.9
"2019-04-29 06:48:54",119
"2019-04-29 06:49:28",,127.9
"2019-04-29 07:12:50",118.4
"2019-04-29 07:13:18",,127.9
"2019-04-29 07:36:47",118.2
"2019-04-29 07:37:14",,127.5
"2019-04-29 07:58:12",,127.6
"2019-04-29 08:00:32",122
"2019-04-29 08:15:20",,127.8
"2019-04-29 08:24:13",121.5
"2019-04-29 08:37:07",,127.7
"2019-04-29 08:46:13",123.5
"2019-04-29 08:55:13",,127.6
"2019-04-29 09:03:21",121.6
"2019-04-29 09:13:27",,127.7
"2019-04-29 09:21:22",122.2
"2019-04-29 09:33:11",,127.9
"2019-04-29 09:34:42",121.2
"2019-04-29 09:51:31",,127.5
"2019-04-29 09:55:22",122.9
"2019-04-29 10:11:35",,127.1
"2019-04-29 10:18:19",124.2
"2019-04-29 10:30:45",,127.5
"2019-04-29 10:42:07",124
"2019-04-29 10:49:38",,127.5
"2019-04-29 11:06:00",124.3
"2019-04-29 11:09:29",,127.4
"2019-04-29 11:26:42",,127.4
"2019-04-29 11:29:49",124.3
"2019-04-29 11:46:56",,127.5
"2019-04-29 11:48:40",120.4
"2019-04-29 12:03:29",,127.7
"2019-04-29 12:09:53",123.6
"2019-04-29 12:18:40",,127.4
"2019-04-29 12:33:43",124.2
"2019-04-29 12:39:38",,127.3
"2019-04-29 12:57:25",124.1
"2019-04-29 13:02:47",,127.4
"2019-04-29 13:20:00",124.1
"2019-04-29 13:24:50",,127.5
"2019-04-29 13:43:51",124.3
"2019-04-29 13:44:53",,127.4
"2019-04-29 14:06:20",,127.5
"2019-04-29 14:07:42",124.2
"2019-04-29 14:26:16",,127.3
"2019-04-29 14:31:11",124.1
"2019-04-29 14:45:58",,127.2
"2019-04-29 14:49:09",123.8
"2019-04-29 15:04:02",,127.6
"2019-04-29 15:07:47",123.7
"2019-04-29 15:21:47",,127.2
"2019-04-29 15:22:57",121.4
"2019-04-29 15:33:54",123
"2019-04-29 15:38:39",,127.2
"2019-04-29 15:55:13",124.1
"2019-04-29 15:58:27",,127.3
"2019-04-29 16:13:35",122.1
"2019-04-29 16:21:07",,127.4
"2019-04-29 16:35:10",124.4
"2019-04-29 16:45:02",,127.2
"2019-04-29 16:58:16",122.5
"2019-04-29 17:07:38",,127.5
"2019-04-29 17:17:43",121.7
"2019-04-29 17:30:31",,127.5
"2019-04-29 17:38:31",121.5
"2019-04-29 17:52:33",,127.8
"2019-04-29 17:58:33",122.1
"2019-04-29 18:10:07",,127.5
"2019-04-29 18:21:43",123.9
"2019-04-29 18:33:12",,127.2
"2019-04-29 18:45:34",124.3
"2019-04-29 18:56:30",,127.5
"2019-04-29 19:09:23",124.3
"2019-04-29 19:18:18",,127.4
"2019-04-29 19:29:04",120.6
"2019-04-29 19:39:13",,127.8
"2019-04-29 19:47:39",120.5
"2019-04-29 19:57:47",121.8
"2019-04-29 19:59:57",,127.4
"2019-04-29 20:00:49",120.9
"2019-04-29 20:02:04",122
"2019-04-29 20:02:25",,127
"2019-04-29 20:03:42",123.1
"2019-04-29 20:04:05",,128.3
"2019-04-29 20:06:41",123.2
"2019-04-29 20:07:03",,127.2
"2019-04-29 20:09:44",123.4
"2019-04-29 20:10:02",,127.6
"2019-04-29 20:12:38",123.8
"2019-04-29 20:13:02",,127.6
"2019-04-29 20:14:49",122.6
"2019-04-29 20:16:02",,127.5
"2019-04-29 20:17:07",,126.3
"2019-04-29 20:17:42",121.6
"2019-04-29 20:17:47",,127.4
"2019-04-29 20:20:41",120.7
"2019-04-29 20:20:46",,127.2
"2019-04-29 20:21:24",119.2
"2019-04-29 20:23:45",,127.6
"2019-04-29 20:24:23",119.6
"2019-04-29 20:26:43",,127.1
"2019-04-29 20:27:22",119.9
"2019-04-29 20:28:21",,128.2
"2019-04-29 20:30:20",119.3
"2019-04-29 20:31:21",,128.5
"2019-04-29 20:32:19",,127.2
"2019-04-29 20:33:18",118.4
"2019-04-29 20:34:12",,128.4
"2019-04-29 20:35:57",,127.2
"2019-04-29 20:36:17",117.9
"2019-04-29 20:37:11",,128.4
"2019-04-29 20:39:16",118.2
"2019-04-29 20:40:10",,128.8
"2019-04-29 20:41:29",119.4
"2019-04-29 20:41:53",,127.6
"2019-04-29 20:43:18",,126.2
"2019-04-29 20:43:37",120.5
"2019-04-29 20:44:02",,127.4
"2019-04-29 20:44:17",121.6
"2019-04-29 20:44:27",,128.6
"2019-04-29 20:46:41",,127.3
"2019-04-29 20:47:16",122.6
"2019-04-29 20:48:19",123.7
"2019-04-29 20:49:41",,127.5
"2019-04-29 20:50:29",,126.3
"2019-04-29 20:51:19",123.8
"2019-04-29 20:53:27",,128.4
"2019-04-29 20:54:18",123.5
"2019-04-29 20:56:26",,127.5
"2019-04-29 20:57:17",122.5
"2019-04-29 20:59:25",,127.3
"2019-04-29 21:00:06",121.2
"2019-04-29 21:02:26",,127.9
"2019-04-29 21:03:04",120.9
"2019-04-29 21:05:24",,127.4
"2019-04-29 21:06:04",121.5
"2019-04-29 21:07:40",122.6
"2019-04-29 21:08:23",,127.9
"2019-04-29 21:10:44",122.7
"2019-04-29 21:11:23",,127.8
"2019-04-29 21:13:31",121.5
"2019-04-29 21:14:22",,127.4
"2019-04-29 21:16:24",120.2
"2019-04-29 21:17:20",,127.4
"2019-04-29 21:19:21",119.8
"2019-04-29 21:20:19",,128
"2019-04-29 21:22:19",119.6
"2019-04-29 21:23:22",,127.7
"2019-04-29 21:25:18",120.4
"2019-04-29 21:26:16",,127.3
"2019-04-29 21:28:30",120.8
"2019-04-29 21:29:16",,127.3
"2019-04-29 21:31:16",119.9
"2019-04-29 21:32:15",,127.7
"2019-04-29 21:34:14",120.4
"2019-04-29 21:35:15",,128.2
"2019-04-29 21:36:34",121.6
"2019-04-29 21:38:13",,127.3
"2019-04-29 21:39:32",121.4
"2019-04-29 21:40:26",122.6
"2019-04-29 21:41:12",,128
"2019-04-29 21:43:09",123.7
"2019-04-29 21:44:11",,127.3
"2019-04-29 21:46:08",124.4
"2019-04-29 21:47:10",,127
"2019-04-29 21:49:07",124.1
"2019-04-29 21:50:09",,127.5
"2019-04-29 21:52:06",123.9
"2019-04-29 21:52:47",122.6
"2019-04-29 21:53:09",,127.2
"2019-04-29 21:54:50",121.2
"2019-04-29 21:56:08",,127.2
"2019-04-29 21:57:49",121.1
"2019-04-29 21:59:07",,127.5
"2019-04-29 22:00:52",121.1
"2019-04-29 22:02:06",,127.7
"2019-04-29 22:02:18",122.4
"2019-04-29 22:03:29",123.5
"2019-04-29 22:05:06",,127.3
"2019-04-29 22:06:27",124.1
"2019-04-29 22:07:36",122.8
"2019-04-29 22:08:05",,127
"2019-04-29 22:10:35",123.8
"2019-04-29 22:11:04",,126.9
"2019-04-29 22:13:33",124.3
"2019-04-29 22:14:03",,127.3
"2019-04-29 22:14:41",123
"2019-04-29 22:17:03",,128.3
"2019-04-29 22:17:38",124
"2019-04-29 22:20:03",,126.9
"2019-04-29 22:20:17",122.7
"2019-04-29 22:21:31",121.5
"2019-04-29 22:23:03",,127.3
"2019-04-29 22:24:19",120.3
"2019-04-29 22:26:02",,127.6
"2019-04-29 22:27:18",120.7
"2019-04-29 22:29:02",,127.7
"2019-04-29 22:30:17",121.5
"2019-04-29 22:31:04",122.6
"2019-04-29 22:32:00",,127.8
"2019-04-29 22:32:47",121.3
"2019-04-29 22:35:01",,127.8
"2019-04-29 22:35:06",119.9
"2019-04-29 22:35:35",121.1
"2019-04-29 22:36:30",122.2
"2019-04-29 22:37:28",123.4
"2019-04-29 22:38:00",,127.3
"2019-04-29 22:40:23",124.2
"2019-04-29 22:41:00",,127.7
"2019-04-29 22:43:21",124.2
"2019-04-29 22:43:59",,127.6
"2019-04-29 22:46:20",124.3
"2019-04-29 22:46:59",,127.7
"2019-04-29 22:49:18",124.5
"2019-04-29 22:49:58",,127.4
"2019-04-29 22:52:18",124.6
"2019-04-29 22:52:57",,127.5
"2019-04-29 22:53:46",123.4
"2019-04-29 22:55:56",,127.5
"2019-04-29 22:56:50",122.3
"2019-04-29 22:58:55",,127.3
"2019-04-29 22:59:48",121.4
"2019-04-29 23:01:54",,127.5
"2019-04-29 23:02:37",120.9
"2019-04-29 23:04:54",,127.2
"2019-04-29 23:05:35",119.7
"2019-04-29 23:07:54",,127.7
"2019-04-29 23:08:34",119.1
"2019-04-29 23:10:53",,127.6
"2019-04-29 23:11:33",120.1
"2019-04-29 23:13:53",,127.6
"2019-04-29 23:14:56",120.5
"2019-04-29 23:16:53",,127.4
"2019-04-29 23:17:31",120.9
"2019-04-29 23:18:53",122
"2019-04-29 23:19:52",,127.7
"2019-04-29 23:21:51",121.5
"2019-04-29 23:22:54",,126.9
"2019-04-29 23:24:50",121.1
"2019-04-29 23:25:49",,127.6
"2019-04-29 23:26:08",119.8
"2019-04-29 23:28:52",,127.5
"2019-04-29 23:29:07",119.4
"2019-04-29 23:31:47",,127.8
"2019-04-29 23:32:04",119.6
"2019-04-29 23:34:47",,127.2
"2019-04-29 23:35:03",120.4
"2019-04-29 23:36:39",121.5
"2019-04-29 23:37:50",,127.9
"2019-04-29 23:39:38",121.7
"2019-04-29 23:40:46",,127.9
"2019-04-29 23:42:37",122.6
"2019-04-29 23:43:45",,127.8
"2019-04-29 23:44:33",123.7
"2019-04-29 23:46:12",122.5
"2019-04-29 23:46:43",,127
"2019-04-29 23:47:11",123.6
"2019-04-29 23:49:48",,127.4
"2019-04-29 23:50:10",124
"2019-04-29 23:51:28",122.6
"2019-04-29 23:52:43",,127.1
"2019-04-29 23:54:29",121.4
"2019-04-29 23:55:41",,127.3
"2019-04-29 23:57:18",119.9
"2019-04-29 23:58:43",,127.7