"Time","TMV 1 DHW Outlet","DHW Return"
"2019-05-03 23:40:39",128
"2019-05-04 00:27:44",,117.1
"2019-05-04 00:55:17",,121.5
"2019-05-04 01:00:52",127.9
"2019-05-04 01:24:59",,123.7
"2019-05-04 01:52:11",,123.7
"2019-05-04 02:21:30",127.8
"2019-05-04 02:21:54",,124
"2019-05-04 02:51:38",,124
"2019-05-04 03:20:47",,123.6
"2019-05-04 03:41:35",127.8
"2019-05-04 03:48:18",,122.2
"2019-05-04 04:17:40",,123.1
"2019-05-04 04:47:22",,124
"2019-05-04 05:01:53",127.8
"2019-05-04 05:15:44",,123.9
"2019-05-04 05:45:26",,120.4
"2019-05-04 06:15:04",,118.6
"2019-05-04 06:22:08",128.6
"2019-05-04 06:44:35",,118.7
"2019-05-04 07:09:53",,120.3
"2019-05-04 07:39:31",128.5
"2019-05-04 07:39:35",,118.7
"2019-05-04 08:09:16",,117.9
"2019-05-04 08:37:59",,118.4
"2019-05-04 08:59:46",128.4
"2019-05-04 09:06:55",,118.7
"2019-05-04 09:34:03",,120.9
"2019-05-04 10:01:05",,120.8
"2019-05-04 10:17:17",127.2
"2019-05-04 10:30:01",,124.1
"2019-05-04 10:57:18",,122.6
"2019-05-04 11:24:48",,121.4
"2019-05-04 11:28:30",128.5
"2019-05-04 11:54:01",,123.6
"2019-05-04 12:19:54",,122.9
"2019-05-04 12:46:24",,122.7
"2019-05-04 12:48:48",128.8
"2019-05-04 13:12:40",,121.3
"2019-05-04 13:42:14",,124.4
"2019-05-04 14:09:01",128.6
"2019-05-04 14:11:54",,124.7
"2019-05-04 14:37:30",,124.1
"2019-05-04 15:07:13",,124.7
"2019-05-04 15:26:31",128.8
"2019-05-04 15:31:21",,122
"2019-05-04 16:01:01",,124.8
"2019-05-04 16:30:43",,124.9
"2019-05-04 16:45:44",128.7
"2019-05-04 16:58:04",,124.1
"2019-05-04 17:27:48",,120.2
"2019-05-04 17:58:12",,122.4
"2019-05-04 17:59:08",129
"2019-05-04 18:25:21",,120.8
"2019-05-04 18:53:09",,122.7
"2019-05-04 19:16:33",127.7
"2019-05-04 19:20:55",,121.3
"2019-05-04 19:48:34",,121.1
"2019-05-04 20:16:57",,120.4
"2019-05-04 20:35:21",129
"2019-05-04 20:44:26",,121.3
"2019-05-04 21:14:09",,124.3
"2019-05-04 21:42:53",,124.3
"2019-05-04 21:49:49",127.6
"2019-05-04 22:09:23",,123.6
"2019-05-04 22:37:41",,122.8
"2019-05-04 23:07:23",,118.2
"2019-05-04 23:10:08",129
"2019-05-04 23:33:19",,121.3
"2019-05-05 00:01:05",,121.5
"2019-05-05 00:25:47",,123.7
"2019-05-05 00:27:31",127.8
"2019-05-05 00:55:26",,124.2
"2019-05-05 01:22:06",,124.2
"2019-05-05 01:47:47",128.7
"2019-05-05 01:51:46",,124.8
"2019-05-05 02:21:26",,124.8
"2019-05-05 02:48:21",,122.7
"2019-05-05 03:05:10",127.7
"2019-05-05 03:18:02",,124.7
"2019-05-05 03:47:45",,121.1
"2019-05-05 04:15:32",,122.1
"2019-05-05 04:25:27",129
"2019-05-05 04:45:11",,124.5
"2019-05-05 05:14:50",,124.7
"2019-05-05 05:42:42",,122.2
"2019-05-05 05:42:52",127.7
"2019-05-05 06:11:44",,120.1
"2019-05-05 06:39:34",,119.6
"2019-05-05 07:03:05",129.3
"2019-05-05 07:04:34",,122.7
"2019-05-05 07:28:40",,121.1
"2019-05-05 07:57:47",,122.8
"2019-05-05 08:20:37",129
"2019-05-05 08:24:30",,120.9
"2019-05-05 08:51:19",,120.6
"2019-05-05 09:15:13",,122.3
"2019-05-05 09:39:03",128.9
"2019-05-05 09:44:24",,119.5
"2019-05-05 10:09:28",,122.4
"2019-05-05 10:38:54",,120.2
"2019-05-05 10:59:22",128.8
"2019-05-05 11:04:13",,121.4
"2019-05-05 11:29:09",,121.5
"2019-05-05 11:57:22",,123.9
"2019-05-05 12:13:31",128.9
"2019-05-05 12:26:48",,124.7
"2019-05-05 12:56:29",,125
"2019-05-05 13:21:44",,123.4
"2019-05-05 13:32:42",128.9
"2019-05-05 13:51:26",,125
"2019-05-05 14:19:27",,123.9
"2019-05-05 14:45:10",128.9
"2019-05-05 14:47:40",,124.7
"2019-05-05 15:14:44",,123
"2019-05-05 15:43:01",,124.8
"2019-05-05 16:00:47",128.9
"2019-05-05 16:09:51",,124.2
"2019-05-05 16:39:36",,125
"2019-05-05 17:09:18",,124.8
"2019-05-05 17:21:05",129
"2019-05-05 17:38:02",,124.8
"2019-05-05 18:05:27",,121.7
"2019-05-05 18:35:08",,124.8
"2019-05-05 18:41:16",129
"2019-05-05 19:03:47",,123.8
"2019-05-05 19:32:54",,120.7
"2019-05-05 20:00:07",,123.8
"2019-05-05 20:01:36",128.9
"2019-05-05 20:25:46",,122.8
"2019-05-05 20:55:21",,124.3
"2019-05-05 21:20:05",128.9
"2019-05-05 21:21:34",,122.3
"2019-05-05 21:51:13",,124.1
"2019-05-05 22:20:16",,124
"2019-05-05 22:40:21",128.8
"2019-05-05 22:49:52",,124.2
"2019-05-05 23:17:00",,124.5
"2019-05-05 23:44:19",,124.2
"2019-05-06 00:00:39",128.9
"2019-05-06 00:11:17",,123.9
"2019-05-06 00:41:01",,124.7
"2019-05-06 01:09:41",,123.2
"2019-05-06 01:20:50",128.9
"2019-05-06 01:57:16",,124.6
"2019-05-06 02:26:52",,124.7
"2019-05-06 02:56:29",,124.8
"2019-05-06 02:58:59",129
"2019-05-06 03:26:14",,124.8
"2019-05-06 03:55:57",,124.8
"2019-05-06 04:19:24",129.2
"2019-05-06 04:25:25",,123.5
"2019-05-06 04:54:35",,123.9
"2019-05-06 05:22:24",,123.8
"2019-05-06 05:39:34",129.2
"2019-05-06 05:50:44",,119.9
"2019-05-06 06:17:36",,122.8
"2019-05-06 06:43:56",,122.1
"2019-05-06 06:54:59",129
"2019-05-06 07:13:20",,119.6
"2019-05-06 07:39:06",,123
"2019-05-06 08:04:33",129
"2019-05-06 08:05:01",,120.2
"2019-05-06 08:34:17",,123.1
"2019-05-06 09:01:01",,122.8
"2019-05-06 09:21:30",127.7
"2019-05-06 09:30:42",,124.4
"2019-05-06 10:42:02",,124.6
"2019-05-06 11:08:00",128.9
"2019-05-06 11:08:16",,122.2
"2019-05-06 11:38:00",,124.6
"2019-05-06 12:03:15",,123.6
"2019-05-06 12:27:42",128.8
"2019-05-06 12:32:58",,124.7
"2019-05-06 13:02:38",,124.7
"2019-05-06 13:32:29",,124.3
"2019-05-06 13:48:05",128.7
"2019-05-06 14:10:52",,124.5
"2019-05-06 14:37:31",,124.1
"2019-05-06 15:05:19",,123.7
"2019-05-06 15:08:02",,124.7
"2019-05-06 15:08:54",128.9
"2019-05-06 15:10:39",,124.8
"2019-05-06 15:13:02",,125
"2019-05-06 15:15:45",,124.8
"2019-05-06 15:17:00",128.7
"2019-05-06 15:18:31",,124.9
"2019-05-06 15:21:03",,124.9
"2019-05-06 15:23:34",,124.7
"2019-05-06 15:25:56",,124.7
"2019-05-06 15:26:27",128.7
"2019-05-06 15:28:41",,124.7
"2019-05-06 15:31:08",,124.6
"2019-05-06 15:33:51",,124.3
"2019-05-06 15:36:01",128.7
"2019-05-06 15:36:20",,124.2
"2019-05-06 15:38:48",,124.4
"2019-05-06 15:41:12",,124.7
"2019-05-06 15:43:43",,124.6
"2019-05-06 15:45:47",128.7
"2019-05-06 15:46:13",,124.4
"2019-05-06 15:49:03",,124.5
"2019-05-06 15:51:59",,124.5
"2019-05-06 15:54:42",,124.5
"2019-05-06 15:55:22",128.7
"2019-05-06 15:57:05",,124.7
"2019-05-06 15:59:44",,124.4
"2019-05-06 16:02:12",,124.3
"2019-05-06 16:04:54",,124.5
"2019-05-06 16:07:30",,124.6
"2019-05-06 16:09:54",128.6
"2019-05-06 16:10:05",,124.6
"2019-05-06 16:12:49",,124.7
"2019-05-06 16:15:13",,124.5
"2019-05-06 16:17:44",,124.7
"2019-05-06 16:20:12",,124.7
"2019-05-06 16:22:43",,124.5
"2019-05-06 16:25:02",,124.5
"2019-05-06 16:26:32",128.5
"2019-05-06 16:27:31",,124.7
"2019-05-06 16:30:12",,124.6
"2019-05-06 16:32:32",,124.2
"2019-05-06 16:35:00",,123.9
"2019-05-06 16:37:51",,124.3
"2019-05-06 16:40:24",,124.5
"2019-05-06 16:42:11",128.5
"2019-05-06 16:42:50",,124.6
"2019-05-06 16:45:33",,124.4
"2019-05-06 16:48:03",,124.4
"2019-05-06 16:50:31",,124.4
"2019-05-06 16:53:38",,124.5
"2019-05-06 16:56:01",,124.2
"2019-05-06 16:59:03",,122.6
"2019-05-06 16:59:16",128.6
"2019-05-06 17:01:35",,122.3
"2019-05-06 17:03:58",,123.7
"2019-05-06 17:06:39",,124.5
"2019-05-06 17:10:34",,124.6
"2019-05-06 17:13:41",,124.7
"2019-05-06 17:16:05",,124.6
"2019-05-06 17:18:37",,124.8
"2019-05-06 17:20:24",128.9
"2019-05-06 17:21:21",,124.8
"2019-05-06 17:23:49",,124.8
"2019-05-06 17:26:15",,124.8
"2019-05-06 17:28:46",,124.7
"2019-05-06 17:31:54",,124.9
"2019-05-06 17:32:11",129
"2019-05-06 17:34:50",,124.5
"2019-05-06 17:37:47",,122.2
"2019-05-06 17:40:56",,120.7
"2019-05-06 17:43:29",,121.2
"2019-05-06 17:47:00",,123.1
"2019-05-06 17:49:04",129
"2019-05-06 17:50:33",,123.7
"2019-05-06 17:53:09",,123.3
"2019-05-06 17:55:38",,124
"2019-05-06 17:58:38",,124.5
"2019-05-06 18:01:48",,124.5
"2019-05-06 18:01:59",128.9
"2019-05-06 18:04:12",,124.5
"2019-05-06 18:07:06",,124.7
"2019-05-06 18:09:44",,124.6
"2019-05-06 18:13:11",,124
"2019-05-06 18:17:13",,124.4
"2019-05-06 18:19:47",,124.5
"2019-05-06 18:20:21",128.9
"2019-05-06 18:22:23",,124.4
"2019-05-06 18:25:27",,124.3
"2019-05-06 18:28:24",,124.4
"2019-05-06 18:31:07",,124.3
"2019-05-06 18:32:38",128.9
"2019-05-06 18:33:45",,124.3
"2019-05-06 18:36:14",,124.5
"2019-05-06 18:38:47",,124.6
"2019-05-06 18:41:13",,124.8
"2019-05-06 18:43:29",128.8
"2019-05-06 18:44:08",,124.6
"2019-05-06 18:46:43",,124.3
"2019-05-06 18:49:02",,124.4
"2019-05-06 18:51:13",128.7
"2019-05-06 18:51:46",,124.7
"2019-05-06 18:54:34",,124.4
"2019-05-06 18:57:42",,123
"2019-05-06 19:01:56",,123.8
"2019-05-06 19:02:27",128.8
"2019-05-06 19:05:38",,124.6
"2019-05-06 19:08:28",,124.6
"2019-05-06 19:11:26",,123.2
"2019-05-06 19:13:59",128.8
"2019-05-06 19:14:24",,121.7
"2019-05-06 19:17:21",,121.7
"2019-05-06 19:20:09",,121.4
"2019-05-06 19:22:46",,120.9
"2019-05-06 19:26:00",,120.7
"2019-05-06 19:28:34",,121.3
"2019-05-06 19:31:25",,121.3
"2019-05-06 19:34:38",,120.2
"2019-05-06 19:36:49",129.2
"2019-05-06 19:37:20",,120.8
"2019-05-06 19:40:49",,122
"2019-05-06 19:43:20",,123.6
"2019-05-06 19:46:13",,123.9
"2019-05-06 19:49:04",,124.2
"2019-05-06 19:50:37",129.3
"2019-05-06 19:52:58",,124.6
"2019-05-06 19:55:48",,123.8
"2019-05-06 19:59:04",,121.8
"2019-05-06 20:02:37",,122.5
"2019-05-06 20:05:14",,124.4
"2019-05-06 20:07:44",,124.7
"2019-05-06 20:08:37",129.2
"2019-05-06 20:10:45",,124.4
"2019-05-06 20:13:18",,122.9
"2019-05-06 20:16:07",,124.1
"2019-05-06 20:19:06",,124.4
"2019-05-06 20:21:01",129
"2019-05-06 20:22:06",,123.6
"2019-05-06 20:25:38",,123.5
"2019-05-06 20:29:47",,121.2
"2019-05-06 20:32:09",,120.4
"2019-05-06 20:35:13",,120.1
"2019-05-06 20:37:51",,119.9
"2019-05-06 20:38:31",129.1
"2019-05-06 20:40:49",,118.9
"2019-05-06 20:43:37",,118.9
"2019-05-06 20:47:04",,119.4
"2019-05-06 20:49:51",,119.7
"2019-05-06 20:52:54",,121.6
"2019-05-06 20:54:59",129.2
"2019-05-06 20:55:22",,123.5
"2019-05-06 20:57:54",,123.9
"2019-05-06 21:03:09",,124.2
"2019-05-06 21:29:37",129
"2019-05-06 21:31:23",,121.4
"2019-05-06 21:57:28",,120.7
"2019-05-06 22:23:26",,123.2
"2019-05-06 22:46:17",129
"2019-05-06 22:51:41",,123.6
"2019-05-06 23:21:16",,120.4
"2019-05-06 23:48:42",,121
"2019-05-07 00:06:38",129
"2019-05-07 00:15:33",,123.3
"2019-05-07 00:43:32",,123.5
"2019-05-07 01:13:15",,124.6
"2019-05-07 01:41:50",128.8
"2019-05-07 01:42:59",,124.6
"2019-05-07 02:12:40",,124.6
"2019-05-07 02:42:25",,124.7
"2019-05-07 03:02:08",128.9
"2019-05-07 03:08:53",,123.5
"2019-05-07 03:38:36",,124.6
"2019-05-07 04:08:26",,124.6
"2019-05-07 04:22:25",128.9
"2019-05-07 04:34:57",,121.8
"2019-05-07 05:03:56",,123.4
"2019-05-07 05:33:33",,120.1
"2019-05-07 05:42:45",129.2
"2019-05-07 05:58:39",,122.8
"2019-05-07 06:28:20",,119.6
"2019-05-07 06:58:04",,118.2
"2019-05-07 07:01:47",129.1
"2019-05-07 07:27:46",,118.7
"2019-05-07 07:57:28",,118
"2019-05-07 08:22:05",129
"2019-05-07 08:27:09",,119.2
"2019-05-07 08:55:11",,123.3
"2019-05-07 09:24:54",,124.2
"2019-05-07 09:42:23",129.1
"2019-05-07 09:52:40",,123.5
"2019-05-07 10:17:22",,122.6
"2019-05-07 10:46:24",,124.5
"2019-05-07 11:00:57",129
"2019-05-07 11:12:04",,122.1
"2019-05-07 11:41:46",,124.8
"2019-05-07 12:11:27",,124.7
"2019-05-07 12:20:17",128.8
"2019-05-07 12:41:09",,124.8
"2019-05-07 13:10:58",,124.6
"2019-05-07 13:40:35",,124.7
"2019-05-07 13:40:37",128.7
"2019-05-07 14:10:18",,124.6
"2019-05-07 14:39:58",,124.6
"2019-05-07 14:57:19",128.6
"2019-05-07 15:09:39",,124.7
"2019-05-07 15:39:23",,124.8
"2019-05-07 16:26:54",,123.8
"2019-05-07 16:39:53",128.7
"2019-05-07 16:56:22",,124.4
"2019-05-07 17:21:09",,122.7
"2019-05-07 18:10:13",,123.2
"2019-05-07 18:21:56",128.8
"2019-05-07 19:28:36",,123.6
"2019-05-07 20:13:03",,121.4
"2019-05-07 20:41:55",,122
"2019-05-07 21:01:10",128.8
"2019-05-07 21:08:13",,120.7
"2019-05-07 22:00:24",,120.7
"2019-05-07 22:59:06",,123.8
"2019-05-07 23:14:47",128.6
"2019-05-07 23:43:35",,122.4
"2019-05-08 00:11:17",,124
"2019-05-08 00:35:01",128.6
"2019-05-08 00:39:23",,124.1
"2019-05-08 01:08:02",,121.1
"2019-05-08 01:36:58",,124
"2019-05-08 01:55:28",128.5
"2019-05-08 02:06:41",,124.3
"2019-05-08 02:36:20",,124.3
"2019-05-08 03:04:29",,123
"2019-05-08 03:15:44",128.5
"2019-05-08 03:34:13",,124.3
"2019-05-08 04:01:58",,123.9
"2019-05-08 04:30:35",,121.9
"2019-05-08 04:36:09",128.5
"2019-05-08 05:00:19",,120.2
"2019-05-08 05:27:49",,120.7
"2019-05-08 05:54:22",,121.9
"2019-05-08 05:56:45",128.6
"2019-05-08 06:24:03",,118.2
"2019-05-08 06:53:46",,117.9
"2019-05-08 07:16:51",128.2
"2019-05-08 07:23:30",,117.3
"2019-05-08 07:53:11",,117.5
"2019-05-08 08:22:51",,117.3
"2019-05-08 08:57:54",128.2
"2019-05-08 09:09:52",,119.4
"2019-05-08 10:04:09",,123.4
"2019-05-08 11:00:34",,123.2
"2019-05-08 11:03:27",128.5
"2019-05-08 11:30:14",,124.1
"2019-05-08 11:59:58",,124.5
"2019-05-08 12:22:23",128.3
"2019-05-08 12:29:13",,122.7
"2019-05-08 12:50:32",,121.6
"2019-05-08 13:20:17",,124.2
"2019-05-08 13:41:06",128.4
"2019-05-08 13:49:59",,124.1
"2019-05-08 14:19:43",,124.4
"2019-05-08 14:46:47",,122.8
"2019-05-08 14:55:53",128.4
"2019-05-08 15:16:27",,124.1
"2019-05-08 15:44:57",,124.4
"2019-05-08 16:32:34",,124
"2019-05-08 16:38:23",128.6
"2019-05-08 16:58:57",,123.3
"2019-05-08 17:27:04",,123.7
"2019-05-08 17:58:40",128.5
"2019-05-08 18:22:38",,124
"2019-05-08 18:49:20",,123.9
"2019-05-08 19:18:46",,121.5
"2019-05-08 19:20:56",128.5
"2019-05-08 19:43:39",,121.4
"2019-05-08 20:10:31",,120.8
"2019-05-08 20:39:27",,119.9
"2019-05-08 20:39:30",128.7
"2019-05-08 21:09:09",,119.4
"2019-05-08 21:36:35",,122.5
"2019-05-08 21:56:27",128.6
"2019-05-08 22:05:17",,120.7
"2019-05-08 22:34:57",,120.1
"2019-05-08 22:59:13",,122
"2019-05-08 23:16:54",128.5
"2019-05-08 23:26:41",,120.7
"2019-05-08 23:54:14",,122.1
"2019-05-09 00:22:02",,122.2
"2019-05-09 00:36:42",128.6
"2019-05-09 00:49:38",,124.5
"2019-05-09 01:19:18",,124.9
"2019-05-09 01:49:00",,124.9
"2019-05-09 01:56:56",128.9
"2019-05-09 02:18:42",,124.9
"2019-05-09 02:48:26",,125
"2019-05-09 03:18:07",,125
"2019-05-09 03:32:09",129.1
"2019-05-09 03:47:47",,124.7
"2019-05-09 04:17:25",,124.7
"2019-05-09 04:45:49",,122.8
"2019-05-09 04:52:19",129.3
"2019-05-09 05:13:58",,121.6
"2019-05-09 05:43:44",,118.9
"2019-05-09 06:12:35",129.4
"2019-05-09 06:13:25",,118.9
"2019-05-09 06:41:49",,118.9
"2019-05-09 07:11:33",,118.2
"2019-05-09 07:56:40",129.3
"2019-05-09 08:07:59",,118.8
"2019-05-09 08:37:42",,118.8
"2019-05-09 09:05:28",,122.6
"2019-05-09 09:16:57",129.2
"2019-05-09 09:33:14",,122.5
"2019-05-09 10:01:41",,124.5
"2019-05-09 10:26:48",,122.6
"2019-05-09 10:31:09",129.1
"2019-05-09 10:55:19",,124.2
"2019-05-09 11:22:52",,121.2
"2019-05-09 11:41:58",,124.1
"2019-05-09 11:48:38",128.9
"2019-05-09 12:00:58",,124.4
"2019-05-09 12:33:38",,124.6
"2019-05-09 13:03:09",,124.2
"2019-05-09 13:06:42",128.7
"2019-05-09 13:29:14",,123.5
"2019-05-09 13:58:56",,124.3
"2019-05-09 14:26:13",128.5
"2019-05-09 14:28:37",,124.4
"2019-05-09 14:58:16",,124.3
"2019-05-09 15:27:11",,123
"2019-05-09 15:43:08",128.6
"2019-05-09 15:55:15",,124.4
"2019-05-09 16:24:36",,123.9
"2019-05-09 17:02:07",128.6
"2019-05-09 17:02:56",,123.6
"2019-05-09 17:32:35",,124.7
"2019-05-09 18:02:08",,124.4
"2019-05-09 18:22:19",128.7
"2019-05-09 18:31:51",,124.8
"2019-05-09 18:58:30",,122.6
"2019-05-09 19:44:32",,123
"2019-05-09 19:58:30",128.6
"2019-05-09 20:07:26",128.5
"2019-05-09 20:12:13",128.9
"2019-05-09 20:13:03",,121.7
"2019-05-09 20:21:08",128.8
"2019-05-09 20:30:03",128.4
"2019-05-09 20:36:49",,122.3
"2019-05-09 20:36:57",128.5
"2019-05-09 20:43:27",128.4
"2019-05-09 20:48:07",128.8
"2019-05-09 20:56:43",128.8
"2019-05-09 21:05:20",,120.9
"2019-05-09 21:05:39",128.9
"2019-05-09 21:14:34",129.2
"2019-05-09 21:23:29",128.8
"2019-05-09 21:28:24",,123.3
"2019-05-09 21:32:24",128.4
"2019-05-09 21:41:20",128.7
"2019-05-09 21:50:16",128.2
"2019-05-09 22:17:33",,121
"2019-05-09 22:29:49",128.7
"2019-05-09 22:38:24",128.7
"2019-05-09 22:45:38",,119.3
"2019-05-09 22:46:15",128.8
"2019-05-09 22:55:09",128.8
"2019-05-09 23:04:11",128.4
"2019-05-09 23:13:03",128.1
"2019-05-09 23:14:15",,123.7
"2019-05-09 23:21:59",128.4
"2019-05-09 23:30:54",128.9
"2019-05-09 23:39:52",128.7
"2019-05-09 23:41:24",,120.3
"2019-05-09 23:48:44",128.4
"2019-05-10 00:24:26",128.3
"2019-05-10 00:33:25",128.6
"2019-05-10 00:37:49",,123.9
"2019-05-10 00:42:14",128.3
"2019-05-10 00:51:10",128.4
"2019-05-10 01:00:06",128.6
"2019-05-10 01:07:31",,124.2
"2019-05-10 01:09:03",128.5
"2019-05-10 01:17:57",128.5
"2019-05-10 01:26:52",128.7
"2019-05-10 01:35:48",128.8
"2019-05-10 01:36:27",,121.3
"2019-05-10 01:44:46",128.5
"2019-05-10 01:53:41",128.4
"2019-05-10 02:02:34",128.5
"2019-05-10 02:04:12",,123.8
"2019-05-10 02:11:30",128.5
"2019-05-10 02:20:27",128.5
"2019-05-10 02:29:23",128.4
"2019-05-10 02:33:59",,124.2
"2019-05-10 02:38:33",128.5
"2019-05-10 02:47:25",128.7
"2019-05-10 02:56:12",128.5
"2019-05-10 03:02:42",,123.4
"2019-05-10 03:05:07",128.7
"2019-05-10 03:14:16",128.7
"2019-05-10 03:23:01",128.7
"2019-05-10 03:31:59",128.9
"2019-05-10 03:32:25",,124.6
"2019-05-10 03:40:53",128.9
"2019-05-10 03:49:50",128.9
"2019-05-10 03:58:41",129.1
"2019-05-10 04:02:06",,124.8
"2019-05-10 04:07:36",128.9
"2019-05-10 04:16:32",129.3
"2019-05-10 04:25:26",129.3
"2019-05-10 04:29:37",,123.2
"2019-05-10 04:34:20",128.9
"2019-05-10 04:43:15",129
"2019-05-10 04:52:11",129.2
"2019-05-10 04:56:47",,124
"2019-05-10 05:01:05",129.5
"2019-05-10 05:09:00",128.9
"2019-05-10 05:17:56",129.4
"2019-05-10 05:23:52",,122.3
"2019-05-10 05:26:49",129.5
"2019-05-10 05:35:45",129.6
"2019-05-10 05:41:00",129.6
"2019-05-10 05:49:55",129.5
"2019-05-10 05:53:32",,119.7
"2019-05-10 05:58:50",129.2
"2019-05-10 06:07:47",129.1
"2019-05-10 06:16:42",129.2
"2019-05-10 06:23:13",,118.3
"2019-05-10 06:25:39",129.1
"2019-05-10 06:34:36",129
"2019-05-10 07:08:30",128.9
"2019-05-10 07:12:15",,118.5
"2019-05-10 07:17:20",128.9
"2019-05-10 07:26:15",128.9
"2019-05-10 07:35:11",129
"2019-05-10 07:40:54",,118.3
"2019-05-10 07:44:07",129
"2019-05-10 07:53:02",128.7
"2019-05-10 08:01:58",128.7
"2019-05-10 08:09:33",,118.9
"2019-05-10 08:10:55",128.7
"2019-05-10 08:19:51",129
"2019-05-10 08:28:45",129.3
"2019-05-10 08:34:57",,121.5
"2019-05-10 08:37:41",129.2
"2019-05-10 08:46:38",129.1
"2019-05-10 08:55:33",129.4
"2019-05-10 09:00:52",,123.5
"2019-05-10 09:04:27",129.4
"2019-05-10 09:37:29",129.6
"2019-05-10 09:45:31",129.2
"2019-05-10 09:54:25",129.6
"2019-05-10 09:57:01",,124.3
"2019-05-10 10:03:20",129.2
"2019-05-10 10:09:40",129.7
"2019-05-10 10:18:36",129.2
"2019-05-10 10:26:07",,124.7
"2019-05-10 10:27:32",129.6
"2019-05-10 10:36:28",129.3
"2019-05-10 10:45:22",129.5
"2019-05-10 10:53:53",,124.2
"2019-05-10 10:54:17",129.4
"2019-05-10 11:03:12",129.5
"2019-05-10 11:12:07",129.4
"2019-05-10 11:20:18",,123.9
"2019-05-10 11:21:02",129.2
"2019-05-10 11:29:57",129.5
"2019-05-10 11:38:53",129.4
"2019-05-10 11:47:48",129.4
"2019-05-10 11:48:53",,124.9
"2019-05-10 11:56:43",129.2
"2019-05-10 12:05:36",129.2
"2019-05-10 12:14:33",129
"2019-05-10 12:18:39",,124.6
"2019-05-10 12:23:30",129
"2019-05-10 12:32:25",129.5
"2019-05-10 12:39:11",128.8
"2019-05-10 12:48:06",129
"2019-05-10 12:48:23",,125.1
"2019-05-10 12:57:02",129
"2019-05-10 13:05:58",129.1
"2019-05-10 13:14:53",129
"2019-05-10 13:18:01",,125
"2019-05-10 13:23:53",129
"2019-05-10 13:32:43",129.2
"2019-05-10 13:41:36",129.2
"2019-05-10 13:46:20",,124.5
"2019-05-10 13:50:31",129.2
"2019-05-10 13:59:26",128.9
"2019-05-10 14:08:06",129.4
"2019-05-10 14:15:25",128.9
"2019-05-10 14:16:03",,124.9
"2019-05-10 14:24:18",129
"2019-05-10 14:33:13",129.4
"2019-05-10 14:39:09",128.9
"2019-05-10 14:42:49",,123.5
"2019-05-10 14:48:04",128.7
"2019-05-10 15:26:30",128.6
"2019-05-10 15:35:27",128.7
"2019-05-10 15:42:13",,124.2
"2019-05-10 15:44:25",128.5
"2019-05-10 15:53:17",129
"2019-05-10 16:02:17",128.7
"2019-05-10 16:11:08",128.9
"2019-05-10 16:11:56",,124.7
"2019-05-10 16:20:03",129.1
"2019-05-10 16:28:58",128.8
"2019-05-10 16:37:53",128.9
"2019-05-10 16:40:23",,123.8
"2019-05-10 16:46:48",128.5
"2019-05-10 16:55:56",128.9
"2019-05-10 17:04:42",129
"2019-05-10 17:10:05",,124.1
"2019-05-10 17:11:00",129.3
"2019-05-10 17:19:52",128.8
"2019-05-10 17:28:46",128.7
"2019-05-10 17:34:47",,123.7
"2019-05-10 17:37:41",128.7
"2019-05-10 17:46:36",128.7
"2019-05-10 17:53:55",128.9
"2019-05-10 18:00:16",,123.6
"2019-05-10 18:01:35",128.8
"2019-05-10 18:10:32",128.8
"2019-05-10 18:19:27",129.2
"2019-05-10 18:27:50",,121.7
"2019-05-10 18:28:24",129
"2019-05-10 18:37:20",128.7
"2019-05-10 18:46:14",128.5
"2019-05-10 18:55:10",128.6
"2019-05-10 18:56:58",,124
"2019-05-10 19:04:06",129
"2019-05-10 19:13:01",128.8
"2019-05-10 19:21:56",128.8
"2019-05-10 19:25:17",,122.2
"2019-05-10 19:30:52",129.2
"2019-05-10 19:39:47",128.8
"2019-05-10 19:48:42",128.5
"2019-05-10 19:53:21",,121.9
"2019-05-10 19:57:36",128.8
"2019-05-10 20:06:35",128.7
"2019-05-10 20:15:29",128.6
"2019-05-10 20:23:04",,119.4
"2019-05-10 20:24:25",128.9
"2019-05-10 20:33:25",128.8
"2019-05-10 20:40:58",129
"2019-05-10 20:49:55",128.7
"2019-05-10 20:50:50",,119.4
"2019-05-10 20:58:50",129.3
"2019-05-10 21:07:50",128.7
"2019-05-10 21:15:08",128.9
"2019-05-10 21:18:37",,122.5
"2019-05-10 21:24:06",128.9
"2019-05-10 21:32:59",128.8
"2019-05-10 21:41:54",128.4
"2019-05-10 22:16:34",,124.1
"2019-05-10 22:23:34",128.7
"2019-05-10 22:30:17",128.7
"2019-05-10 22:39:14",129.1
"2019-05-10 22:46:18",128.9
"2019-05-10 22:46:21",,121.2
"2019-05-10 22:55:17",129
"2019-05-10 23:03:53",129.3
"2019-05-10 23:12:49",129.3
"2019-05-10 23:15:57",,119.2
"2019-05-10 23:21:43",129.2
"2019-05-10 23:30:39",129.1
"2019-05-10 23:38:49",128.5
"2019-05-10 23:45:39",,118.2
"2019-05-10 23:47:33",128.4
"2019-05-10 23:56:29",128.6
"2019-05-11 00:05:24",128.2
"2019-05-11 00:11:20",,121.5
"2019-05-11 00:14:28",128.8
"2019-05-11 00:23:13",128.7
"2019-05-11 00:32:10",129.1
"2019-05-11 00:39:13",,123.4
"2019-05-11 00:41:05",128.8
"2019-05-11 00:49:59",128.7
"2019-05-11 00:58:53",129.2
"2019-05-11 01:02:41",,121.6
"2019-05-11 01:07:51",129.2
"2019-05-11 01:16:47",128.9
"2019-05-11 01:25:42",129.3
"2019-05-11 01:29:38",,122.2
"2019-05-11 01:34:38",129.4
"2019-05-11 01:43:35",129.2
"2019-05-11 01:52:28",128.8
"2019-05-11 01:57:01",,121.9
"2019-05-11 02:01:24",128.9
"2019-05-11 02:10:20",128.9
"2019-05-11 02:19:19",129
"2019-05-11 02:23:48",,122.6
"2019-05-11 02:28:10",128.9
"2019-05-11 02:37:05",129
"2019-05-11 02:45:59",129.3
"2019-05-11 02:52:20",,121
"2019-05-11 02:54:55",129.2
"2019-05-11 03:03:50",129.3
"2019-05-11 03:12:47",128.9
"2019-05-11 03:20:42",,121.7
"2019-05-11 03:21:42",128.8
"2019-05-11 03:30:41",129.4
"2019-05-11 03:39:32",129
"2019-05-11 03:48:28",129.1
"2019-05-11 03:50:21",,121
"2019-05-11 03:57:24",129.2
"2019-05-11 04:06:19",129.2
"2019-05-11 04:15:15",129.1
"2019-05-11 04:20:03",,119.5
"2019-05-11 04:24:11",128.7
"2019-05-11 04:33:07",128.9
"2019-05-11 04:42:02",129.3
"2019-05-11 04:49:45",,119.4
"2019-05-11 04:50:56",129.5
"2019-05-11 04:59:51",129.2
"2019-05-11 05:08:45",129.2
"2019-05-11 05:17:42",129
"2019-05-11 05:19:27",,118.5
"2019-05-11 05:26:06",128.9
"2019-05-11 05:35:02",129.2
"2019-05-11 05:44:02",128.8
"2019-05-11 05:49:12",,119.6
"2019-05-11 05:52:53",129.4
"2019-05-11 06:01:47",129.4
"2019-05-11 06:10:42",129.3
"2019-05-11 06:18:50",,118.8
"2019-05-11 06:19:37",129.3
"2019-05-11 06:28:34",129.4
"2019-05-11 06:37:30",129
"2019-05-11 06:46:25",129
"2019-05-11 06:48:29",,118.2
"2019-05-11 06:55:20",129.2
"2019-05-11 07:04:15",128.9
"2019-05-11 07:13:11",129.1
"2019-05-11 07:18:10",,118.2
"2019-05-11 07:20:15",129.2
"2019-05-11 07:27:00",128.9
"2019-05-11 07:35:56",129.2
"2019-05-11 07:44:51",128.9
"2019-05-11 07:47:14",,118.3
"2019-05-11 07:53:47",129.3
"2019-05-11 08:02:41",129.1
"2019-05-11 08:11:43",129.1
"2019-05-11 08:16:08",,120.1
"2019-05-11 08:20:31",128.6
"2019-05-11 08:29:28",128.6
"2019-05-11 08:38:24",128.8
"2019-05-11 08:45:43",,119.2
"2019-05-11 08:47:22",128.6
"2019-05-11 08:56:14",129
"2019-05-11 09:05:11",128.8
"2019-05-11 09:10:53",,122.3
"2019-05-11 09:14:07",129.2
"2019-05-11 09:23:03",129.2
"2019-05-11 09:31:59",129.4
"2019-05-11 09:39:05",,120.3
"2019-05-11 10:13:15",128.8
"2019-05-11 10:22:11",128.6
"2019-05-11 10:31:06",128.6
"2019-05-11 10:38:56",,119.2
"2019-05-11 10:40:01",128.6
"2019-05-11 10:48:56",128.9
"2019-05-11 10:57:51",128.7
"2019-05-11 11:25:45",,118.4
"2019-05-11 11:30:39",128.5
"2019-05-11 11:39:30",128.6
"2019-05-11 11:48:25",128.6
"2019-05-11 11:55:29",,118.4
"2019-05-11 11:57:21",128.6
"2019-05-11 12:06:14",128.9
"2019-05-11 12:15:07",129
"2019-05-11 12:22:17",,120
"2019-05-11 12:24:05",128.9
"2019-05-11 12:33:00",129.2
"2019-05-11 12:41:55",128.9
"2019-05-11 12:50:14",,123.3
"2019-05-11 12:50:52",128.5
"2019-05-11 12:59:47",129.1
"2019-05-11 13:08:43",128.9
"2019-05-11 13:17:41",128.9
"2019-05-11 13:19:16",,123.7
"2019-05-11 13:24:25",128.5
"2019-05-11 13:33:20",128.9
"2019-05-11 13:42:14",128.9
"2019-05-11 13:49:00",,124.6
"2019-05-11 13:51:11",128.8
"2019-05-11 13:56:07",129
"2019-05-11 14:05:03",128.7
"2019-05-11 14:13:58",129.1
"2019-05-11 14:18:41",,124.2
"2019-05-11 14:22:55",128.8
"2019-05-11 14:31:49",129
"2019-05-11 14:39:03",129
"2019-05-11 14:45:52",,124
"2019-05-11 14:47:58",128.7
"2019-05-11 14:56:53",129
"2019-05-11 15:05:48",128.7
"2019-05-11 15:12:11",,123.7
"2019-05-11 15:12:14",129
"2019-05-11 15:21:16",129.1
"2019-05-11 15:30:06",129.1
"2019-05-11 15:39:01",128.9
"2019-05-11 15:41:56",,124.6
"2019-05-11 15:47:55",128.6
"2019-05-11 15:56:57",129
"2019-05-11 16:05:11",128.6
"2019-05-11 16:08:12",,124.2
"2019-05-11 16:14:05",129
"2019-05-11 16:21:12",128.9
"2019-05-11 16:29:32",128.7
"2019-05-11 16:36:06",,124.2
"2019-05-11 16:38:23",129
"2019-05-11 16:47:24",128.9
"2019-05-11 16:56:15",128.7
"2019-05-11 17:02:16",,122.1
"2019-05-11 17:05:16",128.9
"2019-05-11 17:14:06",128.9
"2019-05-11 17:22:42",129.1
"2019-05-11 17:28:46",,121.6
"2019-05-11 17:31:36",129.4
"2019-05-11 17:40:34",129.2
"2019-05-11 17:49:26",129
"2019-05-11 17:55:32",,121.3
"2019-05-11 17:58:20",128.6
"2019-05-11 18:07:14",129.1
"2019-05-11 18:16:09",129.2
"2019-05-11 18:23:08",,121
"2019-05-11 18:25:08",129
"2019-05-11 18:33:58",129.2
"2019-05-11 18:41:35",129.3
"2019-05-11 18:49:10",128.6
"2019-05-11 18:50:35",,122.5
"2019-05-11 18:58:06",129
"2019-05-11 19:07:00",129.2
"2019-05-11 19:15:53",,120.3
"2019-05-11 19:15:55",129.3
"2019-05-11 19:24:51",129
"2019-05-11 19:33:46",129
"2019-05-11 19:41:11",,123.1
"2019-05-11 19:42:43",128.9
"2019-05-11 19:51:39",129
"2019-05-11 20:00:34",128.9
"2019-05-11 20:07:30",,121.7
"2019-05-11 20:09:30",129.4
"2019-05-11 20:14:46",128.8
"2019-05-11 20:23:39",128.8
"2019-05-11 20:32:34",128.9
"2019-05-11 20:37:14",,120.1
"2019-05-11 20:41:28",128.5
"2019-05-11 20:50:24",128.8
"2019-05-11 20:59:19",129.3
"2019-05-11 21:03:34",,122.3
"2019-05-11 21:08:20",128.5
"2019-05-11 21:17:12",129
"2019-05-11 21:26:11",129.2
"2019-05-11 21:29:34",,122
"2019-05-11 21:35:02",129.1
"2019-05-11 21:43:58",129.1
"2019-05-11 21:52:53",128.9
"2019-05-11 21:58:45",,122.5
"2019-05-11 22:01:51",128.6
"2019-05-11 22:09:27",128.8
"2019-05-11 22:18:21",129
"2019-05-11 22:25:48",,120.6
"2019-05-11 22:27:20",129.1
"2019-05-11 22:36:21",129
"2019-05-11 22:45:08",128.6
"2019-05-11 22:54:04",129.3
"2019-05-11 22:54:50",,122.2
"2019-05-11 23:02:58",129.6
"2019-05-11 23:10:38",129.1
"2019-05-11 23:19:29",129.2
"2019-05-11 23:23:21",,119.3
"2019-05-11 23:26:57",129
"2019-05-11 23:35:53",128.8
"2019-05-11 23:44:48",128.9
"2019-05-11 23:51:24",,120.4
"2019-05-11 23:53:15",128.6